<?xml version="1.0" encoding="UTF-8"?>

<export>
	<info>
		<creator>Admin</creator>
		<opencms_version>6.2.0</opencms_version>
		<createdate>Mon, 27 Jun 2005 08:00:00 GMT</createdate>
		<project>Offline</project>
		<export_version>4</export_version>
	</info>
	<module>
		<name>org.opencms.frontend.templateone</name>
		<nicename><![CDATA[OpenCms 6 Template One frontend]]></nicename>
		<group>Template One</group>
		<class/>
		<description><![CDATA[
<p>This module contains the highly configurable OpenCms frontend template one.</p>
<p>This template can easily be used to display website contents.</p>
<p>Install this module if you want to use it for building your own website.</p>
<p><i>(c) 2006 by Alkacon Software GmbH (http://www.alkacon.com).</i></p>
]]></description>
		<version>2.0.0</version>
		<authorname><![CDATA[Alkacon Software GmbH]]></authorname>
		<authoremail><![CDATA[info@alkacon.com]]></authoremail>
		<datecreated>Mon, 27 Jun 2005 08:00:00 GMT</datecreated>
		<userinstalled/>
		<dateinstalled/>
		<dependencies/>
		<exportpoints>
			<exportpoint uri="/system/modules/org.opencms.frontend.templateone/lib/" destination="WEB-INF/lib/"/>
			<exportpoint uri="/system/modules/org.opencms.frontend.templateone/classes/" destination="WEB-INF/classes/"/>
		</exportpoints>
		<resources>
			<resource uri="/system/galleries/pics/ocms-templateone/"/>
			<resource uri="/system/modules/org.opencms.frontend.templateone/"/>
			<resource uri="/system/workplace/resources/filetypes/microsite.gif"/>
		</resources>
		<parameters/>
		<resourcetypes>
			<type class="org.opencms.file.types.CmsResourceTypeFolderExtended" name="microsite" id="19">
				<properties>
					<property>
						<name>style_main_configpath</name>
						<value><![CDATA[${resource.folder.path}_configuration/]]></value>
					</property>
				</properties>
				<copy-resources>
					<copy-resource source="/system/modules/org.opencms.frontend.templateone/copyresources/_configuration" target="${resource.folder.path}" type="new"/>
					<copy-resource source="/system/modules/org.opencms.frontend.templateone.modules/copyresources/modules" target="${resource.folder.path}" type="new"/>
				</copy-resources>
			</type>
		</resourcetypes>
		<explorertypes>
			<explorertype name="microsite" key="fileicon.microsite" icon="microsite.gif" reference="folder">
				<newresource page="extendedfolder" uri="newresource.jsp?newresourcetype=microsite" order="50"/>
				<accesscontrol>
					<accessentry principal="GROUP.Administrators" permissions="+r+v+w+c"/>
					<accessentry principal="GROUP.Projectmanagers" permissions="+r+v+w+c"/>
					<accessentry principal="GROUP.Users" permissions="+r+v+w+c"/>
				</accesscontrol>
			</explorertype>
		</explorertypes>
	</module>
	<files>
		<file>
			<destination>system</destination>
			<type>folder</type>
			<datelastmodified>Mon, 27 Mar 2006 12:00:00 GMT</datelastmodified>
			<userlastmodified>Admin</userlastmodified>
			<datecreated>Mon, 27 Jun 2005 08:00:00 GMT</datecreated>
			<usercreated>Admin</usercreated>
			<flags>0</flags>
			<properties/>
			<accesscontrol>
				<accessentry>
					<uuidprincipal>GROUP.Users</uuidprincipal>
					<flags>34</flags>
					<permissionset>
						<allowed>1</allowed>
						<denied>0</denied>
					</permissionset>
				</accessentry>
			</accesscontrol>
		</file>
		<file>
			<destination>system/galleries</destination>
			<type>folder</type>
			<datelastmodified>Mon, 27 Mar 2006 12:00:00 GMT</datelastmodified>
			<userlastmodified>Admin</userlastmodified>
			<datecreated>Mon, 27 Jun 2005 08:00:00 GMT</datecreated>
			<usercreated>Admin</usercreated>
			<flags>0</flags>
			<properties/>
			<accesscontrol/>
		</file>
		<file>
			<destination>system/galleries/pics</destination>
			<type>folder</type>
			<datelastmodified>Mon, 27 Mar 2006 12:00:00 GMT</datelastmodified>
			<userlastmodified>Admin</userlastmodified>
			<datecreated>Mon, 27 Jun 2005 08:00:00 GMT</datecreated>
			<usercreated>Admin</usercreated>
			<flags>0</flags>
			<properties>
				<property>
					<name>exportname</name>
					<value><![CDATA[/pics/]]></value>
				</property>
			</properties>
			<accesscontrol/>
		</file>
		<file>
			<destination>system/galleries/pics/ocms-templateone</destination>
			<type>imagegallery</type>
			<datelastmodified>Mon, 27 Mar 2006 12:00:00 GMT</datelastmodified>
			<userlastmodified>Admin</userlastmodified>
			<datecreated>Mon, 27 Jun 2005 08:00:00 GMT</datecreated>
			<usercreated>Admin</usercreated>
			<flags>0</flags>
			<properties>
				<property>
					<name>Title</name>
					<value><![CDATA[OpenCms template one images]]></value>
				</property>
			</properties>
			<accesscontrol/>
		</file>
		<file>
			<source>system/galleries/pics/ocms-templateone/bg_nav.jpg</source>
			<destination>system/galleries/pics/ocms-templateone/bg_nav.jpg</destination>
			<type>image</type>
			<uuidresource>918571e4-0d65-11d9-9f4f-9b4fc25bdb8f</uuidresource>
			<datelastmodified>Mon, 27 Mar 2006 12:00:00 GMT</datelastmodified>
			<userlastmodified>Admin</userlastmodified>
			<datecreated>Mon, 27 Jun 2005 08:00:00 GMT</datecreated>
			<usercreated>Admin</usercreated>
			<flags>0</flags>
			<properties/>
			<accesscontrol/>
		</file>
		<file>
			<source>system/galleries/pics/ocms-templateone/head_img.jpg</source>
			<destination>system/galleries/pics/ocms-templateone/head_img.jpg</destination>
			<type>image</type>
			<uuidresource>06177255-0d68-11d9-9f4f-9b4fc25bdb8f</uuidresource>
			<datelastmodified>Mon, 27 Mar 2006 12:00:00 GMT</datelastmodified>
			<userlastmodified>Admin</userlastmodified>
			<datecreated>Mon, 27 Jun 2005 08:00:00 GMT</datecreated>
			<usercreated>Admin</usercreated>
			<flags>0</flags>
			<properties/>
			<accesscontrol/>
		</file>
		<file>
			<source>system/galleries/pics/ocms-templateone/logo_alkacon_150_t.gif</source>
			<destination>system/galleries/pics/ocms-templateone/logo_alkacon_150_t.gif</destination>
			<type>image</type>
			<uuidresource>2a098fcf-0d73-11d9-b3f3-9b4fc25bdb8f</uuidresource>
			<datelastmodified>Mon, 27 Mar 2006 12:00:00 GMT</datelastmodified>
			<userlastmodified>Admin</userlastmodified>
			<datecreated>Mon, 27 Jun 2005 08:00:00 GMT</datecreated>
			<usercreated>Admin</usercreated>
			<flags>0</flags>
			<properties/>
			<accesscontrol/>
		</file>
		<file>
			<source>system/galleries/pics/ocms-templateone/logo_opencms_150.gif</source>
			<destination>system/galleries/pics/ocms-templateone/logo_opencms_150.gif</destination>
			<type>image</type>
			<uuidresource>7eb3f55b-193e-11d9-9027-95b5e57c814c</uuidresource>
			<datelastmodified>Mon, 27 Mar 2006 12:00:00 GMT</datelastmodified>
			<userlastmodified>Admin</userlastmodified>
			<datecreated>Mon, 27 Jun 2005 08:00:00 GMT</datecreated>
			<usercreated>Admin</usercreated>
			<flags>0</flags>
			<properties/>
			<accesscontrol/>
		</file>
		<file>
			<destination>system/modules</destination>
			<type>folder</type>
			<datelastmodified>Mon, 27 Mar 2006 12:00:00 GMT</datelastmodified>
			<userlastmodified>Admin</userlastmodified>
			<datecreated>Mon, 27 Jun 2005 08:00:00 GMT</datecreated>
			<usercreated>Admin</usercreated>
			<flags>0</flags>
			<properties/>
			<accesscontrol/>
		</file>
		<file>
			<destination>system/modules/org.opencms.frontend.templateone</destination>
			<type>folder</type>
			<datelastmodified>Mon, 27 Mar 2006 12:00:00 GMT</datelastmodified>
			<userlastmodified>Admin</userlastmodified>
			<datecreated>Mon, 27 Jun 2005 08:00:00 GMT</datecreated>
			<usercreated>Admin</usercreated>
			<flags>0</flags>
			<properties>
				<property>
					<name>export</name>
					<value><![CDATA[false]]></value>
				</property>
			</properties>
			<accesscontrol/>
		</file>
		<file>
			<destination>system/modules/org.opencms.frontend.templateone/classes</destination>
			<type>folder</type>
			<datelastmodified>Mon, 27 Mar 2006 12:00:00 GMT</datelastmodified>
			<userlastmodified>Admin</userlastmodified>
			<datecreated>Mon, 27 Jun 2005 08:00:00 GMT</datecreated>
			<usercreated>Admin</usercreated>
			<flags>0</flags>
			<properties/>
			<accesscontrol/>
		</file>
		<file>
			<source>system/modules/org.opencms.frontend.templateone/classes/templateone.properties</source>
			<destination>system/modules/org.opencms.frontend.templateone/classes/templateone.properties</destination>
			<type>plain</type>
			<uuidresource>50aeb442-d57b-11d8-b127-6dec57178f5b</uuidresource>
			<datelastmodified>Mon, 27 Mar 2006 12:00:00 GMT</datelastmodified>
			<userlastmodified>Admin</userlastmodified>
			<datecreated>Mon, 27 Jun 2005 08:00:00 GMT</datecreated>
			<usercreated>Admin</usercreated>
			<flags>0</flags>
			<properties/>
			<accesscontrol/>
		</file>
		<file>
			<source>system/modules/org.opencms.frontend.templateone/classes/templateone_de.properties</source>
			<destination>system/modules/org.opencms.frontend.templateone/classes/templateone_de.properties</destination>
			<type>plain</type>
			<uuidresource>2dee3551-d63b-11d8-96ad-6dec57178f5b</uuidresource>
			<datelastmodified>Mon, 27 Mar 2006 12:00:00 GMT</datelastmodified>
			<userlastmodified>Admin</userlastmodified>
			<datecreated>Mon, 27 Jun 2005 08:00:00 GMT</datecreated>
			<usercreated>Admin</usercreated>
			<flags>0</flags>
			<properties/>
			<accesscontrol/>
		</file>
		<file>
			<source>system/modules/org.opencms.frontend.templateone/classes/templateone.properties</source>
			<destination>system/modules/org.opencms.frontend.templateone/classes/templateone_en.properties</destination>
			<type>plain</type>
			<uuidresource>50aeb442-d57b-11d8-b127-6dec57178f5b</uuidresource>
			<datelastmodified>Mon, 27 Mar 2006 12:00:00 GMT</datelastmodified>
			<userlastmodified>Admin</userlastmodified>
			<datecreated>Mon, 27 Jun 2005 08:00:00 GMT</datecreated>
			<usercreated>Admin</usercreated>
			<flags>0</flags>
			<properties/>
			<accesscontrol/>
		</file>
		<file>
			<source>system/modules/org.opencms.frontend.templateone/classes/templateone_form.properties</source>
			<destination>system/modules/org.opencms.frontend.templateone/classes/templateone_form.properties</destination>
			<type>plain</type>
			<uuidresource>17bdf1a3-e21e-11d8-bdbe-83d5f21447d1</uuidresource>
			<datelastmodified>Mon, 27 Mar 2006 12:00:00 GMT</datelastmodified>
			<userlastmodified>Admin</userlastmodified>
			<datecreated>Mon, 27 Jun 2005 08:00:00 GMT</datecreated>
			<usercreated>Admin</usercreated>
			<flags>0</flags>
			<properties/>
			<accesscontrol/>
		</file>
		<file>
			<source>system/modules/org.opencms.frontend.templateone/classes/templateone_form_de.properties</source>
			<destination>system/modules/org.opencms.frontend.templateone/classes/templateone_form_de.properties</destination>
			<type>plain</type>
			<uuidresource>d0e71127-e21e-11d8-bdbe-83d5f21447d1</uuidresource>
			<datelastmodified>Mon, 27 Mar 2006 12:00:00 GMT</datelastmodified>
			<userlastmodified>Admin</userlastmodified>
			<datecreated>Mon, 27 Jun 2005 08:00:00 GMT</datecreated>
			<usercreated>Admin</usercreated>
			<flags>0</flags>
			<properties/>
			<accesscontrol/>
		</file>
		<file>
            <source>system/modules/org.opencms.frontend.templateone/classes/templateone_form.properties</source>
			<destination>system/modules/org.opencms.frontend.templateone/classes/templateone_form_en.properties</destination>
			<type>plain</type>
			<uuidresource>17bdf1a3-e21e-11d8-bdbe-83d5f21447d1</uuidresource>
			<datelastmodified>Mon, 27 Mar 2006 12:00:00 GMT</datelastmodified>
			<userlastmodified>Admin</userlastmodified>
			<datecreated>Mon, 27 Jun 2005 08:00:00 GMT</datecreated>
			<usercreated>Admin</usercreated>
			<flags>0</flags>
			<properties/>
			<accesscontrol/>
		</file>
		<file>
			<destination>system/modules/org.opencms.frontend.templateone/classes/org</destination>
			<type>folder</type>
			<datelastmodified>Mon, 27 Mar 2006 12:00:00 GMT</datelastmodified>
			<userlastmodified>Admin</userlastmodified>
			<datecreated>Mon, 27 Jun 2005 08:00:00 GMT</datecreated>
			<usercreated>Admin</usercreated>
			<flags>0</flags>
			<properties/>
			<accesscontrol/>
		</file>
		<file>
			<destination>system/modules/org.opencms.frontend.templateone/classes/org/opencms</destination>
			<type>folder</type>
			<datelastmodified>Mon, 27 Mar 2006 12:00:00 GMT</datelastmodified>
			<userlastmodified>Admin</userlastmodified>
			<datecreated>Mon, 27 Jun 2005 08:00:00 GMT</datecreated>
			<usercreated>Admin</usercreated>
			<flags>0</flags>
			<properties/>
			<accesscontrol/>
		</file>
		<file>
			<destination>system/modules/org.opencms.frontend.templateone/classes/org/opencms/frontend</destination>
			<type>folder</type>
			<datelastmodified>Mon, 27 Mar 2006 12:00:00 GMT</datelastmodified>
			<userlastmodified>Admin</userlastmodified>
			<datecreated>Mon, 27 Jun 2005 08:00:00 GMT</datecreated>
			<usercreated>Admin</usercreated>
			<flags>0</flags>
			<properties/>
			<accesscontrol/>
		</file>
		<file>
			<destination>system/modules/org.opencms.frontend.templateone/classes/org/opencms/frontend/templateone</destination>
			<type>folder</type>
			<datelastmodified>Mon, 27 Mar 2006 12:00:00 GMT</datelastmodified>
			<userlastmodified>Admin</userlastmodified>
			<datecreated>Mon, 27 Jun 2005 08:00:00 GMT</datecreated>
			<usercreated>Admin</usercreated>
			<flags>0</flags>
			<properties/>
			<accesscontrol/>
		</file>
		<file>
			<source>system/modules/org.opencms.frontend.templateone/classes/org/opencms/frontend/templateone/workplace.properties</source>
			<destination>system/modules/org.opencms.frontend.templateone/classes/org/opencms/frontend/templateone/workplace.properties</destination>
			<type>plain</type>
			<uuidresource>7c8c76d8-1ebe-11d9-88bb-efd43b41b93a</uuidresource>
			<datelastmodified>Mon, 27 Mar 2006 12:00:00 GMT</datelastmodified>
			<userlastmodified>Admin</userlastmodified>
			<datecreated>Mon, 27 Jun 2005 08:00:00 GMT</datecreated>
			<usercreated>Admin</usercreated>
			<flags>0</flags>
			<properties/>
			<accesscontrol/>
		</file>
		<file>
			<source>system/modules/org.opencms.frontend.templateone/classes/org/opencms/frontend/templateone/workplace_de.properties</source>
			<destination>system/modules/org.opencms.frontend.templateone/classes/org/opencms/frontend/templateone/workplace_de.properties</destination>
			<type>plain</type>
			<uuidresource>f10c60c2-1ebe-11d9-88bb-efd43b41b93a</uuidresource>
			<datelastmodified>Mon, 27 Mar 2006 12:00:00 GMT</datelastmodified>
			<userlastmodified>Admin</userlastmodified>
			<datecreated>Mon, 27 Jun 2005 08:00:00 GMT</datecreated>
			<usercreated>Admin</usercreated>
			<flags>0</flags>
			<properties>
				<property>
					<name>content-encoding</name>
					<value><![CDATA[ISO-8859-1]]></value>
				</property>
			</properties>
			<accesscontrol/>
		</file>
		<file>
			<source>system/modules/org.opencms.frontend.templateone/classes/org/opencms/frontend/templateone/workplace.properties</source>
			<destination>system/modules/org.opencms.frontend.templateone/classes/org/opencms/frontend/templateone/workplace_en.properties</destination>
			<type>plain</type>
			<uuidresource>7c8c76d8-1ebe-11d9-88bb-efd43b41b93a</uuidresource>
			<datelastmodified>Mon, 27 Mar 2006 12:00:00 GMT</datelastmodified>
			<userlastmodified>Admin</userlastmodified>
			<datecreated>Mon, 27 Jun 2005 08:00:00 GMT</datecreated>
			<usercreated>Admin</usercreated>
			<flags>0</flags>
			<properties/>
			<accesscontrol/>
		</file>
		<file>
			<destination>system/modules/org.opencms.frontend.templateone/copyresources</destination>
			<type>folder</type>
			<datelastmodified>Mon, 27 Mar 2006 12:00:00 GMT</datelastmodified>
			<userlastmodified>Admin</userlastmodified>
			<datecreated>Mon, 27 Jun 2005 08:00:00 GMT</datecreated>
			<usercreated>Admin</usercreated>
			<flags>0</flags>
			<properties/>
			<accesscontrol/>
		</file>
		<file>
			<destination>system/modules/org.opencms.frontend.templateone/copyresources/_configuration</destination>
			<type>folder</type>
			<datelastmodified>Mon, 27 Mar 2006 12:00:00 GMT</datelastmodified>
			<userlastmodified>Admin</userlastmodified>
			<datecreated>Mon, 27 Jun 2005 08:00:00 GMT</datecreated>
			<usercreated>Admin</usercreated>
			<flags>0</flags>
			<properties>
				<property>
					<name>Title</name>
					<value><![CDATA[Template configuration]]></value>
				</property>
			</properties>
			<accesscontrol/>
		</file>
		<file>
			<source>system/modules/org.opencms.frontend.templateone/copyresources/_configuration/configuration_common</source>
			<destination>system/modules/org.opencms.frontend.templateone/copyresources/_configuration/configuration_common</destination>
			<type>xmlcontent</type>
			<uuidresource>62721764-a12b-11d9-8a96-1559aed72023</uuidresource>
			<datelastmodified>Mon, 27 Mar 2006 12:00:00 GMT</datelastmodified>
			<userlastmodified>Admin</userlastmodified>
			<datecreated>Mon, 27 Jun 2005 08:00:00 GMT</datecreated>
			<usercreated>Admin</usercreated>
			<flags>0</flags>
			<properties>
				<property>
					<name>Title</name>
					<value><![CDATA[Common configuration]]></value>
				</property>
			</properties>
			<accesscontrol/>
		</file>
		<file>
			<source>system/modules/org.opencms.frontend.templateone/copyresources/_configuration/configuration_css</source>
			<destination>system/modules/org.opencms.frontend.templateone/copyresources/_configuration/configuration_css</destination>
			<type>xmlcontent</type>
			<uuidresource>62861499-a12b-11d9-8a96-1559aed72023</uuidresource>
			<datelastmodified>Mon, 27 Mar 2006 12:00:00 GMT</datelastmodified>
			<userlastmodified>Admin</userlastmodified>
			<datecreated>Mon, 27 Jun 2005 08:00:00 GMT</datecreated>
			<usercreated>Admin</usercreated>
			<flags>0</flags>
			<properties>
				<property>
					<name>Title</name>
					<value><![CDATA[CSS style sheet]]></value>
				</property>
			</properties>
			<accesscontrol/>
		</file>
		<file>
			<source>system/modules/org.opencms.frontend.templateone/copyresources/_configuration/configuration_links</source>
			<destination>system/modules/org.opencms.frontend.templateone/copyresources/_configuration/configuration_links</destination>
			<type>xmlcontent</type>
			<uuidresource>6293d03e-a12b-11d9-8a96-1559aed72023</uuidresource>
			<datelastmodified>Mon, 27 Mar 2006 12:00:00 GMT</datelastmodified>
			<userlastmodified>Admin</userlastmodified>
			<datecreated>Mon, 27 Jun 2005 08:00:00 GMT</datecreated>
			<usercreated>Admin</usercreated>
			<flags>0</flags>
			<properties>
				<property>
					<name>Title</name>
					<value><![CDATA[Head links]]></value>
				</property>
			</properties>
			<accesscontrol/>
		</file>
		<file>
			<source>system/modules/org.opencms.frontend.templateone/copyresources/_configuration/headnav</source>
			<destination>system/modules/org.opencms.frontend.templateone/copyresources/_configuration/headnav</destination>
			<type>xmlcontent</type>
			<uuidresource>55de9707-f924-11d9-9daa-f73c2606dec1</uuidresource>
			<datelastmodified>Mon, 27 Mar 2006 12:00:00 GMT</datelastmodified>
			<userlastmodified>Admin</userlastmodified>
			<datecreated>Wed, 20 Jul 2005 08:00:00 GMT</datecreated>
			<usercreated>Admin</usercreated>
			<flags>0</flags>
			<properties>
				<property>
					<name>Title</name>
					<value><![CDATA[Manual head navigation]]></value>
				</property>
			</properties>
			<accesscontrol/>
		</file>
		<file>
			<source>system/modules/org.opencms.frontend.templateone/copyresources/_configuration/imprint</source>
			<destination>system/modules/org.opencms.frontend.templateone/copyresources/_configuration/imprint</destination>
			<type>xmlcontent</type>
			<uuidresource>62986423-a12b-11d9-8a96-1559aed72023</uuidresource>
			<datelastmodified>Mon, 27 Mar 2006 12:00:00 GMT</datelastmodified>
			<userlastmodified>Admin</userlastmodified>
			<datecreated>Mon, 27 Jun 2005 08:00:00 GMT</datecreated>
			<usercreated>Admin</usercreated>
			<flags>0</flags>
			<properties>
				<property>
					<name>content-encoding</name>
					<value><![CDATA[UTF-8]]></value>
				</property>
				<property>
					<name>Title</name>
					<value><![CDATA[Imprint]]></value>
				</property>
			</properties>
			<accesscontrol/>
		</file>
		<file>
			<destination>system/modules/org.opencms.frontend.templateone/default_bodies</destination>
			<type>folder</type>
			<datelastmodified>Mon, 27 Mar 2006 12:00:00 GMT</datelastmodified>
			<userlastmodified>Admin</userlastmodified>
			<datecreated>Mon, 27 Jun 2005 08:00:00 GMT</datecreated>
			<usercreated>Admin</usercreated>
			<flags>0</flags>
			<properties/>
			<accesscontrol/>
		</file>
		<file>
			<source>system/modules/org.opencms.frontend.templateone/default_bodies/1col_1row</source>
			<destination>system/modules/org.opencms.frontend.templateone/default_bodies/1col_1row</destination>
			<type>plain</type>
			<uuidresource>7f4fd05c-d570-11d8-b127-6dec57178f5b</uuidresource>
			<datelastmodified>Mon, 27 Mar 2006 12:00:00 GMT</datelastmodified>
			<userlastmodified>Admin</userlastmodified>
			<datecreated>Mon, 27 Jun 2005 08:00:00 GMT</datecreated>
			<usercreated>Admin</usercreated>
			<flags>0</flags>
			<properties>
				<property>
					<name>Title</name>
					<value><![CDATA[1 column, 1 row]]></value>
				</property>
			</properties>
			<accesscontrol/>
		</file>
		<file>
			<source>system/modules/org.opencms.frontend.templateone/default_bodies/1col_2rows</source>
			<destination>system/modules/org.opencms.frontend.templateone/default_bodies/1col_2rows</destination>
			<type>plain</type>
			<uuidresource>8f9ade6e-e779-11d8-a573-993e109d03c3</uuidresource>
			<datelastmodified>Mon, 27 Mar 2006 12:00:00 GMT</datelastmodified>
			<userlastmodified>Admin</userlastmodified>
			<datecreated>Mon, 27 Jun 2005 08:00:00 GMT</datecreated>
			<usercreated>Admin</usercreated>
			<flags>0</flags>
			<properties>
				<property>
					<name>Title</name>
					<value><![CDATA[1 column, 2 rows]]></value>
				</property>
			</properties>
			<accesscontrol/>
		</file>
		<file>
			<source>system/modules/org.opencms.frontend.templateone/default_bodies/1col_3rows</source>
			<destination>system/modules/org.opencms.frontend.templateone/default_bodies/1col_3rows</destination>
			<type>plain</type>
			<uuidresource>db7f1f4b-e779-11d8-a573-993e109d03c3</uuidresource>
			<datelastmodified>Mon, 27 Mar 2006 12:00:00 GMT</datelastmodified>
			<userlastmodified>Admin</userlastmodified>
			<datecreated>Mon, 27 Jun 2005 08:00:00 GMT</datecreated>
			<usercreated>Admin</usercreated>
			<flags>0</flags>
			<properties>
				<property>
					<name>Title</name>
					<value><![CDATA[1 column, 3 rows]]></value>
				</property>
			</properties>
			<accesscontrol/>
		</file>
		<file>
			<source>system/modules/org.opencms.frontend.templateone/default_bodies/1col_4rows</source>
			<destination>system/modules/org.opencms.frontend.templateone/default_bodies/1col_4rows</destination>
			<type>plain</type>
			<uuidresource>f162746f-e779-11d8-a573-993e109d03c3</uuidresource>
			<datelastmodified>Mon, 27 Mar 2006 12:00:00 GMT</datelastmodified>
			<userlastmodified>Admin</userlastmodified>
			<datecreated>Mon, 27 Jun 2005 08:00:00 GMT</datecreated>
			<usercreated>Admin</usercreated>
			<flags>0</flags>
			<properties>
				<property>
					<name>Title</name>
					<value><![CDATA[1 column, 4 rows]]></value>
				</property>
			</properties>
			<accesscontrol/>
		</file>
		<file>
			<source>system/modules/org.opencms.frontend.templateone/default_bodies/2cols_1row</source>
			<destination>system/modules/org.opencms.frontend.templateone/default_bodies/2cols_1row</destination>
			<type>plain</type>
			<uuidresource>39f4a413-e77a-11d8-a573-993e109d03c3</uuidresource>
			<datelastmodified>Mon, 27 Mar 2006 12:00:00 GMT</datelastmodified>
			<userlastmodified>Admin</userlastmodified>
			<datecreated>Mon, 27 Jun 2005 08:00:00 GMT</datecreated>
			<usercreated>Admin</usercreated>
			<flags>0</flags>
			<properties>
				<property>
					<name>Title</name>
					<value><![CDATA[2 columns, 1 row]]></value>
				</property>
			</properties>
			<accesscontrol/>
		</file>
		<file>
			<source>system/modules/org.opencms.frontend.templateone/default_bodies/2cols_2rows</source>
			<destination>system/modules/org.opencms.frontend.templateone/default_bodies/2cols_2rows</destination>
			<type>plain</type>
			<uuidresource>5c434b77-e77a-11d8-a573-993e109d03c3</uuidresource>
			<datelastmodified>Mon, 27 Mar 2006 12:00:00 GMT</datelastmodified>
			<userlastmodified>Admin</userlastmodified>
			<datecreated>Mon, 27 Jun 2005 08:00:00 GMT</datecreated>
			<usercreated>Admin</usercreated>
			<flags>0</flags>
			<properties>
				<property>
					<name>Title</name>
					<value><![CDATA[2 columns, 2 rows]]></value>
				</property>
			</properties>
			<accesscontrol/>
		</file>
		<file>
			<source>system/modules/org.opencms.frontend.templateone/default_bodies/2cols_3rows</source>
			<destination>system/modules/org.opencms.frontend.templateone/default_bodies/2cols_3rows</destination>
			<type>plain</type>
			<uuidresource>80e04fab-e77a-11d8-a573-993e109d03c3</uuidresource>
			<datelastmodified>Mon, 27 Mar 2006 12:00:00 GMT</datelastmodified>
			<userlastmodified>Admin</userlastmodified>
			<datecreated>Mon, 27 Jun 2005 08:00:00 GMT</datecreated>
			<usercreated>Admin</usercreated>
			<flags>0</flags>
			<properties>
				<property>
					<name>Title</name>
					<value><![CDATA[2 columns, 3 rows]]></value>
				</property>
			</properties>
			<accesscontrol/>
		</file>
		<file>
			<source>system/modules/org.opencms.frontend.templateone/default_bodies/2cols_4rows</source>
			<destination>system/modules/org.opencms.frontend.templateone/default_bodies/2cols_4rows</destination>
			<type>plain</type>
			<uuidresource>9fc4ca03-e77a-11d8-a573-993e109d03c3</uuidresource>
			<datelastmodified>Mon, 27 Mar 2006 12:00:00 GMT</datelastmodified>
			<userlastmodified>Admin</userlastmodified>
			<datecreated>Mon, 27 Jun 2005 08:00:00 GMT</datecreated>
			<usercreated>Admin</usercreated>
			<flags>0</flags>
			<properties>
				<property>
					<name>Title</name>
					<value><![CDATA[2 columns, 4 rows]]></value>
				</property>
			</properties>
			<accesscontrol/>
		</file>
		<file>
			<destination>system/modules/org.opencms.frontend.templateone/dialogs</destination>
			<type>folder</type>
			<datelastmodified>Mon, 27 Mar 2006 12:00:00 GMT</datelastmodified>
			<userlastmodified>Admin</userlastmodified>
			<datecreated>Mon, 27 Jun 2005 08:00:00 GMT</datecreated>
			<usercreated>Admin</usercreated>
			<flags>0</flags>
			<properties/>
			<accesscontrol/>
		</file>
		<file>
			<source>system/modules/org.opencms.frontend.templateone/dialogs/property.jsp</source>
			<destination>system/modules/org.opencms.frontend.templateone/dialogs/property.jsp</destination>
			<type>jsp</type>
			<uuidresource>e286571e-28ef-11d9-ace6-5b969dcba4c0</uuidresource>
			<datelastmodified>Mon, 27 Mar 2006 12:00:00 GMT</datelastmodified>
			<userlastmodified>Admin</userlastmodified>
			<datecreated>Mon, 27 Jun 2005 08:00:00 GMT</datecreated>
			<usercreated>Admin</usercreated>
			<flags>0</flags>
			<properties>
				<property>
					<name>export</name>
					<value><![CDATA[false]]></value>
				</property>
				<property>
					<name>Title</name>
					<value><![CDATA[Page properties dialog]]></value>
				</property>
			</properties>
			<accesscontrol/>
		</file>
		<file>
			<destination>system/modules/org.opencms.frontend.templateone/elements</destination>
			<type>folder</type>
			<datelastmodified>Mon, 27 Mar 2006 12:00:00 GMT</datelastmodified>
			<userlastmodified>Admin</userlastmodified>
			<datecreated>Mon, 27 Jun 2005 08:00:00 GMT</datecreated>
			<usercreated>Admin</usercreated>
			<flags>0</flags>
			<properties/>
			<accesscontrol/>
		</file>
		<file>
			<source>system/modules/org.opencms.frontend.templateone/elements/body_end.jsp</source>
			<destination>system/modules/org.opencms.frontend.templateone/elements/body_end.jsp</destination>
			<type>jsp</type>
			<uuidresource>9759a85f-0c81-11d9-b15c-9b4fc25bdb8f</uuidresource>
			<datelastmodified>Mon, 27 Mar 2006 12:00:00 GMT</datelastmodified>
			<userlastmodified>Admin</userlastmodified>
			<datecreated>Mon, 27 Jun 2005 08:00:00 GMT</datecreated>
			<usercreated>Admin</usercreated>
			<flags>0</flags>
			<properties>
				<property>
					<name>cache</name>
					<value><![CDATA[uri;element;locale;params=(accessible)]]></value>
				</property>
				<property type="shared">
					<name>export</name>
					<value><![CDATA[false]]></value>
				</property>
				<property>
					<name>Title</name>
					<value><![CDATA[Body end parts]]></value>
				</property>
			</properties>
			<accesscontrol/>
		</file>
		<file>
			<source>system/modules/org.opencms.frontend.templateone/elements/elements.jsp</source>
			<destination>system/modules/org.opencms.frontend.templateone/elements/elements.jsp</destination>
			<type>jsp</type>
			<uuidresource>ed61e049-0d41-11d9-be40-9b4fc25bdb8f</uuidresource>
			<datelastmodified>Mon, 27 Mar 2006 12:00:00 GMT</datelastmodified>
			<userlastmodified>Admin</userlastmodified>
			<datecreated>Mon, 27 Jun 2005 08:00:00 GMT</datecreated>
			<usercreated>Admin</usercreated>
			<flags>0</flags>
			<properties>
				<property type="shared">
					<name>export</name>
					<value><![CDATA[false]]></value>
				</property>
				<property>
					<name>cache</name>
					<value><![CDATA[uri;element;locale;params=(accessible)]]></value>
				</property>
				<property>
					<name>Title</name>
					<value><![CDATA[Page elements]]></value>
				</property>
			</properties>
			<accesscontrol/>
		</file>
		<file>
			<source>system/modules/org.opencms.frontend.templateone/elements/elements_old.jsp</source>
			<destination>system/modules/org.opencms.frontend.templateone/elements/elements_old.jsp</destination>
			<type>jsp</type>
			<uuidresource>e5443fc9-0d45-11d9-a424-9b4fc25bdb8f</uuidresource>
			<datelastmodified>Mon, 27 Mar 2006 12:00:00 GMT</datelastmodified>
			<userlastmodified>Admin</userlastmodified>
			<datecreated>Mon, 27 Jun 2005 08:00:00 GMT</datecreated>
			<usercreated>Admin</usercreated>
			<flags>0</flags>
			<properties>
				<property type="shared">
					<name>export</name>
					<value><![CDATA[false]]></value>
				</property>
				<property>
					<name>cache</name>
					<value><![CDATA[uri;element;locale;params=(accessible)]]></value>
				</property>
				<property>
					<name>Title</name>
					<value><![CDATA[Old page elements]]></value>
				</property>
			</properties>
			<accesscontrol/>
		</file>
		<file>
			<source>system/modules/org.opencms.frontend.templateone/elements/foot_links.jsp</source>
			<destination>system/modules/org.opencms.frontend.templateone/elements/foot_links.jsp</destination>
			<type>jsp</type>
			<uuidresource>7e344f1b-dbcf-11d8-a76e-993e109d03c3</uuidresource>
			<datelastmodified>Mon, 27 Mar 2006 12:00:00 GMT</datelastmodified>
			<userlastmodified>Admin</userlastmodified>
			<datecreated>Mon, 27 Jun 2005 08:00:00 GMT</datecreated>
			<usercreated>Admin</usercreated>
			<flags>0</flags>
			<properties>
				<property>
					<name>cache</name>
					<value><![CDATA[uri;user;params=(accessible)]]></value>
				</property>
				<property type="shared">
					<name>export</name>
					<value><![CDATA[false]]></value>
				</property>
				<property>
					<name>Title</name>
					<value><![CDATA[Foot links row]]></value>
				</property>
			</properties>
			<accesscontrol/>
		</file>
		<file>
			<source>system/modules/org.opencms.frontend.templateone/elements/head_image.jsp</source>
			<destination>system/modules/org.opencms.frontend.templateone/elements/head_image.jsp</destination>
			<type>jsp</type>
			<uuidresource>0f542c5f-dbce-11d8-a76e-993e109d03c3</uuidresource>
			<datelastmodified>Mon, 27 Mar 2006 12:00:00 GMT</datelastmodified>
			<userlastmodified>Admin</userlastmodified>
			<datecreated>Mon, 27 Jun 2005 08:00:00 GMT</datecreated>
			<usercreated>Admin</usercreated>
			<flags>0</flags>
			<properties>
				<property>
					<name>cache</name>
					<value><![CDATA[uri]]></value>
				</property>
				<property type="shared">
					<name>export</name>
					<value><![CDATA[false]]></value>
				</property>
				<property>
					<name>Title</name>
					<value><![CDATA[Head image row]]></value>
				</property>
			</properties>
			<accesscontrol/>
		</file>
		<file>
			<source>system/modules/org.opencms.frontend.templateone/elements/head_links.jsp</source>
			<destination>system/modules/org.opencms.frontend.templateone/elements/head_links.jsp</destination>
			<type>jsp</type>
			<uuidresource>f1e38d5c-dbcd-11d8-a76e-993e109d03c3</uuidresource>
			<datelastmodified>Mon, 27 Mar 2006 12:00:00 GMT</datelastmodified>
			<userlastmodified>Admin</userlastmodified>
			<datecreated>Mon, 27 Jun 2005 08:00:00 GMT</datecreated>
			<usercreated>Admin</usercreated>
			<flags>0</flags>
			<properties>
				<property type="shared">
					<name>export</name>
					<value><![CDATA[false]]></value>
				</property>
				<property>
					<name>cache</name>
					<value><![CDATA[uri]]></value>
				</property>
				<property>
					<name>Title</name>
					<value><![CDATA[Head links row]]></value>
				</property>
			</properties>
			<accesscontrol/>
		</file>
		<file>
			<source>system/modules/org.opencms.frontend.templateone/elements/info_side.jsp</source>
			<destination>system/modules/org.opencms.frontend.templateone/elements/info_side.jsp</destination>
			<type>jsp</type>
			<uuidresource>e087833e-dbcf-11d8-a76e-993e109d03c3</uuidresource>
			<datelastmodified>Mon, 27 Mar 2006 12:00:00 GMT</datelastmodified>
			<userlastmodified>Admin</userlastmodified>
			<datecreated>Mon, 27 Jun 2005 08:00:00 GMT</datecreated>
			<usercreated>Admin</usercreated>
			<flags>0</flags>
			<properties>
				<property type="shared">
					<name>export</name>
					<value><![CDATA[false]]></value>
				</property>
				<property>
					<name>cache</name>
					<value><![CDATA[uri;params=(accessible)]]></value>
				</property>
				<property>
					<name>Title</name>
					<value><![CDATA[Info box side]]></value>
				</property>
			</properties>
			<accesscontrol/>
		</file>
		<file>
			<source>system/modules/org.opencms.frontend.templateone/elements/nav_breadcrumb.jsp</source>
			<destination>system/modules/org.opencms.frontend.templateone/elements/nav_breadcrumb.jsp</destination>
			<type>jsp</type>
			<uuidresource>3b0f64f8-dbce-11d8-a76e-993e109d03c3</uuidresource>
			<datelastmodified>Mon, 27 Mar 2006 12:00:00 GMT</datelastmodified>
			<userlastmodified>Admin</userlastmodified>
			<datecreated>Mon, 27 Jun 2005 08:00:00 GMT</datecreated>
			<usercreated>Admin</usercreated>
			<flags>0</flags>
			<properties>
				<property>
					<name>cache</name>
					<value><![CDATA[uri]]></value>
				</property>
				<property type="shared">
					<name>export</name>
					<value><![CDATA[false]]></value>
				</property>
				<property>
					<name>Title</name>
					<value><![CDATA[Bread crumb navigation]]></value>
				</property>
			</properties>
			<accesscontrol/>
		</file>
		<file>
			<source>system/modules/org.opencms.frontend.templateone/elements/nav_head.jsp</source>
			<destination>system/modules/org.opencms.frontend.templateone/elements/nav_head.jsp</destination>
			<type>jsp</type>
			<uuidresource>24e31ff2-dbce-11d8-a76e-993e109d03c3</uuidresource>
			<datelastmodified>Mon, 27 Mar 2006 12:00:00 GMT</datelastmodified>
			<userlastmodified>Admin</userlastmodified>
			<datecreated>Mon, 27 Jun 2005 08:00:00 GMT</datecreated>
			<usercreated>Admin</usercreated>
			<flags>0</flags>
			<properties>
				<property>
					<name>cache</name>
					<value><![CDATA[uri;locale;user]]></value>
				</property>
				<property type="shared">
					<name>export</name>
					<value><![CDATA[false]]></value>
				</property>
				<property>
					<name>Title</name>
					<value><![CDATA[Head navigation row]]></value>
				</property>
			</properties>
			<accesscontrol/>
		</file>
		<file>
			<source>system/modules/org.opencms.frontend.templateone/elements/nav_head_menus.jsp</source>
			<destination>system/modules/org.opencms.frontend.templateone/elements/nav_head_menus.jsp</destination>
			<type>jsp</type>
			<uuidresource>61baacd9-81c3-11d9-af03-c5d4954b5b38</uuidresource>
			<datelastmodified>Mon, 27 Mar 2006 12:00:00 GMT</datelastmodified>
			<userlastmodified>Admin</userlastmodified>
			<datecreated>Mon, 27 Jun 2005 08:00:00 GMT</datecreated>
			<usercreated>Admin</usercreated>
			<flags>0</flags>
			<properties>
				<property>
					<name>cache</name>
					<value><![CDATA[locale;params=(headnavfolder,headnavmanual,headnavmenudepth,startfolder,showmenus,site);user]]></value>
				</property>
				<property type="shared">
					<name>export</name>
					<value><![CDATA[false]]></value>
				</property>
				<property>
					<name>Title</name>
					<value><![CDATA[Head navigation menus]]></value>
				</property>
			</properties>
			<accesscontrol/>
		</file>
		<file>
			<source>system/modules/org.opencms.frontend.templateone/elements/nav_left.jsp</source>
			<destination>system/modules/org.opencms.frontend.templateone/elements/nav_left.jsp</destination>
			<type>jsp</type>
			<uuidresource>2f3f4145-dbce-11d8-a76e-993e109d03c3</uuidresource>
			<datelastmodified>Mon, 27 Mar 2006 12:00:00 GMT</datelastmodified>
			<userlastmodified>Admin</userlastmodified>
			<datecreated>Mon, 27 Jun 2005 08:00:00 GMT</datecreated>
			<usercreated>Admin</usercreated>
			<flags>0</flags>
			<properties>
				<property>
					<name>cache</name>
					<value><![CDATA[uri;user;params=(accessible)]]></value>
				</property>
				<property type="shared">
					<name>export</name>
					<value><![CDATA[false]]></value>
				</property>
				<property>
					<name>Title</name>
					<value><![CDATA[Left navigation]]></value>
				</property>
			</properties>
			<accesscontrol/>
		</file>
		<file>
			<destination>system/modules/org.opencms.frontend.templateone/jsptemplates</destination>
			<type>folder</type>
			<datelastmodified>Mon, 27 Mar 2006 12:00:00 GMT</datelastmodified>
			<userlastmodified>Admin</userlastmodified>
			<datecreated>Mon, 27 Jun 2005 08:00:00 GMT</datecreated>
			<usercreated>Admin</usercreated>
			<flags>0</flags>
			<properties/>
			<accesscontrol/>
		</file>
		<file>
			<source>system/modules/org.opencms.frontend.templateone/jsptemplates/letter</source>
			<destination>system/modules/org.opencms.frontend.templateone/jsptemplates/letter</destination>
			<type>jsp</type>
			<uuidresource>cd04ac8d-1b66-11d9-b72e-95b5e57c814c</uuidresource>
			<datelastmodified>Mon, 27 Mar 2006 12:00:00 GMT</datelastmodified>
			<userlastmodified>Admin</userlastmodified>
			<datecreated>Mon, 27 Jun 2005 08:00:00 GMT</datecreated>
			<usercreated>Admin</usercreated>
			<flags>0</flags>
			<properties>
				<property type="shared">
					<name>export</name>
					<value><![CDATA[false]]></value>
				</property>
				<property>
					<name>template-elements</name>
					<value><![CDATA[form_head|Form Head,form_contact|Form Contact,form_foot|Form Foot,confirm_head|Confirmation Head,confirm_foot|Confirmation Foot,mail_head|Mail Head,mail_foot|Mail Foot]]></value>
				</property>
				<property>
					<name>template</name>
					<value><![CDATA[/system/modules/org.opencms.frontend.templateone/resources/style.css]]></value>
				</property>
				<property>
					<name>Title</name>
					<value><![CDATA[Hidden template for letter to the editor texts]]></value>
				</property>
			</properties>
			<accesscontrol/>
		</file>
		<file>
			<source>system/modules/org.opencms.frontend.templateone/jsptemplates/recommend</source>
			<destination>system/modules/org.opencms.frontend.templateone/jsptemplates/recommend</destination>
			<type>jsp</type>
			<uuidresource>4a98b947-1b65-11d9-b72e-95b5e57c814c</uuidresource>
			<datelastmodified>Mon, 27 Mar 2006 12:00:00 GMT</datelastmodified>
			<userlastmodified>Admin</userlastmodified>
			<datecreated>Mon, 27 Jun 2005 08:00:00 GMT</datecreated>
			<usercreated>Admin</usercreated>
			<flags>0</flags>
			<properties>
				<property type="shared">
					<name>export</name>
					<value><![CDATA[false]]></value>
				</property>
				<property>
					<name>template-elements</name>
					<value><![CDATA[form_head|Form Head,form_foot|Form Foot,confirm_head|Confirmation Head,confirm_foot|Confirmation Foot,mail_head|Mail Head,mail_foot|Mail Foot]]></value>
				</property>
				<property>
					<name>template</name>
					<value><![CDATA[/system/modules/org.opencms.frontend.templateone/resources/style.css]]></value>
				</property>
				<property>
					<name>Title</name>
					<value><![CDATA[Hidden template for page recommendation texts]]></value>
				</property>
			</properties>
			<accesscontrol/>
		</file>
		<file>
			<destination>system/modules/org.opencms.frontend.templateone/lib</destination>
			<type>folder</type>
			<datelastmodified>Mon, 27 Mar 2006 12:00:00 GMT</datelastmodified>
			<userlastmodified>Admin</userlastmodified>
			<datecreated>Mon, 27 Jun 2005 08:00:00 GMT</datecreated>
			<usercreated>Admin</usercreated>
			<flags>0</flags>
			<properties/>
			<accesscontrol/>
		</file>
		<file>
			<destination>system/modules/org.opencms.frontend.templateone/pages</destination>
			<type>folder</type>
			<datelastmodified>Mon, 27 Mar 2006 12:00:00 GMT</datelastmodified>
			<userlastmodified>Admin</userlastmodified>
			<datecreated>Mon, 27 Jun 2005 08:00:00 GMT</datecreated>
			<usercreated>Admin</usercreated>
			<flags>0</flags>
			<properties/>
			<accesscontrol/>
		</file>
		<file>
			<source>system/modules/org.opencms.frontend.templateone/pages/imprint.html</source>
			<destination>system/modules/org.opencms.frontend.templateone/pages/imprint.html</destination>
			<type>jsp</type>
			<uuidresource>3213d530-dfd8-11d8-a31a-993e109d03c3</uuidresource>
			<datelastmodified>Mon, 27 Mar 2006 12:00:00 GMT</datelastmodified>
			<userlastmodified>Admin</userlastmodified>
			<datecreated>Mon, 27 Jun 2005 08:00:00 GMT</datecreated>
			<usercreated>Admin</usercreated>
			<flags>0</flags>
			<properties>
				<property>
					<name>cache</name>
					<value><![CDATA[element;locale;params=(uri,site)]]></value>
				</property>
				<property type="shared">
					<name>export</name>
					<value><![CDATA[false]]></value>
				</property>
				<property>
					<name>Title</name>
					<value><![CDATA[Imprint]]></value>
				</property>
			</properties>
			<accesscontrol/>
		</file>
		<file>
			<source>system/modules/org.opencms.frontend.templateone/pages/letter.html</source>
			<destination>system/modules/org.opencms.frontend.templateone/pages/letter.html</destination>
			<type>jsp</type>
			<uuidresource>44a2e440-e472-11d8-9697-83d5f21447d1</uuidresource>
			<datelastmodified>Mon, 27 Mar 2006 12:00:00 GMT</datelastmodified>
			<userlastmodified>Admin</userlastmodified>
			<datecreated>Mon, 27 Jun 2005 08:00:00 GMT</datecreated>
			<usercreated>Admin</usercreated>
			<flags>0</flags>
			<properties>
				<property type="shared">
					<name>export</name>
					<value><![CDATA[false]]></value>
				</property>
				<property>
					<name>Title</name>
					<value><![CDATA[Contact letter handler]]></value>
				</property>
			</properties>
			<accesscontrol/>
		</file>
		<file>
			<source>system/modules/org.opencms.frontend.templateone/pages/letter_confirm.html</source>
			<destination>system/modules/org.opencms.frontend.templateone/pages/letter_confirm.html</destination>
			<type>jsp</type>
			<uuidresource>6ba9a838-e48a-11d8-935f-83d5f21447d1</uuidresource>
			<datelastmodified>Mon, 27 Mar 2006 12:00:00 GMT</datelastmodified>
			<userlastmodified>Admin</userlastmodified>
			<datecreated>Mon, 27 Jun 2005 08:00:00 GMT</datecreated>
			<usercreated>Admin</usercreated>
			<flags>0</flags>
			<properties>
				<property type="shared">
					<name>export</name>
					<value><![CDATA[false]]></value>
				</property>
				<property>
					<name>Title</name>
					<value><![CDATA[Letter confirmation]]></value>
				</property>
			</properties>
			<accesscontrol/>
		</file>
		<file>
			<source>system/modules/org.opencms.frontend.templateone/pages/letter_content.html</source>
			<destination>system/modules/org.opencms.frontend.templateone/pages/letter_content.html</destination>
			<type>xmlpage</type>
			<uuidresource>4af6ac2a-e486-11d8-935f-83d5f21447d1</uuidresource>
			<datelastmodified>Mon, 27 Mar 2006 12:00:00 GMT</datelastmodified>
			<userlastmodified>Admin</userlastmodified>
			<datecreated>Mon, 27 Jun 2005 08:00:00 GMT</datecreated>
			<usercreated>Admin</usercreated>
			<flags>0</flags>
			<properties>
				<property>
					<name>template</name>
					<value><![CDATA[/system/modules/org.opencms.frontend.templateone/jsptemplates/letter]]></value>
				</property>
				<property>
					<name>Title</name>
					<value><![CDATA[Letter included contents]]></value>
				</property>
			</properties>
			<accesscontrol/>
		</file>
		<file>
			<source>system/modules/org.opencms.frontend.templateone/pages/letter_input.html</source>
			<destination>system/modules/org.opencms.frontend.templateone/pages/letter_input.html</destination>
			<type>jsp</type>
			<uuidresource>076c14a6-e480-11d8-935f-83d5f21447d1</uuidresource>
			<datelastmodified>Mon, 27 Mar 2006 12:00:00 GMT</datelastmodified>
			<userlastmodified>Admin</userlastmodified>
			<datecreated>Mon, 27 Jun 2005 08:00:00 GMT</datecreated>
			<usercreated>Admin</usercreated>
			<flags>0</flags>
			<properties>
				<property type="shared">
					<name>export</name>
					<value><![CDATA[false]]></value>
				</property>
				<property>
					<name>Title</name>
					<value><![CDATA[Letter input form]]></value>
				</property>
			</properties>
			<accesscontrol/>
		</file>
		<file>
			<source>system/modules/org.opencms.frontend.templateone/pages/letter_mail.html</source>
			<destination>system/modules/org.opencms.frontend.templateone/pages/letter_mail.html</destination>
			<type>jsp</type>
			<uuidresource>6e885d74-e5ed-11d8-a89d-993e109d03c3</uuidresource>
			<datelastmodified>Mon, 27 Mar 2006 12:00:00 GMT</datelastmodified>
			<userlastmodified>Admin</userlastmodified>
			<datecreated>Mon, 27 Jun 2005 08:00:00 GMT</datecreated>
			<usercreated>Admin</usercreated>
			<flags>0</flags>
			<properties>
				<property type="shared">
					<name>export</name>
					<value><![CDATA[false]]></value>
				</property>
				<property>
					<name>Title</name>
					<value><![CDATA[Letter email parts]]></value>
				</property>
			</properties>
			<accesscontrol/>
		</file>
		<file>
			<source>system/modules/org.opencms.frontend.templateone/pages/popup_includes.jsp</source>
			<destination>system/modules/org.opencms.frontend.templateone/pages/popup_includes.jsp</destination>
			<type>jsp</type>
			<uuidresource>f060d85e-e227-11d8-959f-83d5f21447d1</uuidresource>
			<datelastmodified>Mon, 27 Mar 2006 12:00:00 GMT</datelastmodified>
			<userlastmodified>Admin</userlastmodified>
			<datecreated>Mon, 27 Jun 2005 08:00:00 GMT</datecreated>
			<usercreated>Admin</usercreated>
			<flags>0</flags>
			<properties>
				<property type="shared">
					<name>export</name>
					<value><![CDATA[false]]></value>
				</property>
				<property>
					<name>cache</name>
					<value><![CDATA[params=(title,resourcepath,stylesheeturi,config,site);locale;element]]></value>
				</property>
				<property>
					<name>Title</name>
					<value><![CDATA[Popup window page parts]]></value>
				</property>
			</properties>
			<accesscontrol/>
		</file>
		<file>
			<source>system/modules/org.opencms.frontend.templateone/pages/recommend.html</source>
			<destination>system/modules/org.opencms.frontend.templateone/pages/recommend.html</destination>
			<type>jsp</type>
			<uuidresource>11e7d1ce-e217-11d8-bdbe-83d5f21447d1</uuidresource>
			<datelastmodified>Mon, 27 Mar 2006 12:00:00 GMT</datelastmodified>
			<userlastmodified>Admin</userlastmodified>
			<datecreated>Mon, 27 Jun 2005 08:00:00 GMT</datecreated>
			<usercreated>Admin</usercreated>
			<flags>0</flags>
			<properties>
				<property type="shared">
					<name>export</name>
					<value><![CDATA[false]]></value>
				</property>
				<property>
					<name>Title</name>
					<value><![CDATA[Recommend page handler]]></value>
				</property>
			</properties>
			<accesscontrol/>
		</file>
		<file>
			<source>system/modules/org.opencms.frontend.templateone/pages/recommend_confirm.html</source>
			<destination>system/modules/org.opencms.frontend.templateone/pages/recommend_confirm.html</destination>
			<type>jsp</type>
			<uuidresource>8ac54b24-e47d-11d8-b4e5-83d5f21447d1</uuidresource>
			<datelastmodified>Mon, 27 Mar 2006 12:00:00 GMT</datelastmodified>
			<userlastmodified>Admin</userlastmodified>
			<datecreated>Mon, 27 Jun 2005 08:00:00 GMT</datecreated>
			<usercreated>Admin</usercreated>
			<flags>0</flags>
			<properties>
				<property type="shared">
					<name>export</name>
					<value><![CDATA[false]]></value>
				</property>
				<property>
					<name>Title</name>
					<value><![CDATA[Recommend confirmation]]></value>
				</property>
			</properties>
			<accesscontrol/>
		</file>
		<file>
			<source>system/modules/org.opencms.frontend.templateone/pages/recommend_content.html</source>
			<destination>system/modules/org.opencms.frontend.templateone/pages/recommend_content.html</destination>
			<type>xmlpage</type>
			<uuidresource>e1552564-e45b-11d8-9a30-83d5f21447d1</uuidresource>
			<datelastmodified>Mon, 27 Mar 2006 12:00:00 GMT</datelastmodified>
			<userlastmodified>Admin</userlastmodified>
			<datecreated>Mon, 27 Jun 2005 08:00:00 GMT</datecreated>
			<usercreated>Admin</usercreated>
			<flags>0</flags>
			<properties>
				<property>
					<name>template</name>
					<value><![CDATA[/system/modules/org.opencms.frontend.templateone/jsptemplates/recommend]]></value>
				</property>
				<property>
					<name>Title</name>
					<value><![CDATA[Recommend included contents]]></value>
				</property>
			</properties>
			<accesscontrol/>
		</file>
		<file>
			<source>system/modules/org.opencms.frontend.templateone/pages/recommend_input.html</source>
			<destination>system/modules/org.opencms.frontend.templateone/pages/recommend_input.html</destination>
			<type>jsp</type>
			<uuidresource>5d6a2c35-e477-11d8-9697-83d5f21447d1</uuidresource>
			<datelastmodified>Mon, 27 Mar 2006 12:00:00 GMT</datelastmodified>
			<userlastmodified>Admin</userlastmodified>
			<datecreated>Mon, 27 Jun 2005 08:00:00 GMT</datecreated>
			<usercreated>Admin</usercreated>
			<flags>0</flags>
			<properties>
				<property type="shared">
					<name>export</name>
					<value><![CDATA[false]]></value>
				</property>
				<property>
					<name>Title</name>
					<value><![CDATA[Recommend input form]]></value>
				</property>
			</properties>
			<accesscontrol/>
		</file>
		<file>
			<source>system/modules/org.opencms.frontend.templateone/pages/recommend_mail.html</source>
			<destination>system/modules/org.opencms.frontend.templateone/pages/recommend_mail.html</destination>
			<type>jsp</type>
			<uuidresource>e2e9b2aa-e545-11d8-b77c-83d5f21447d1</uuidresource>
			<datelastmodified>Mon, 27 Mar 2006 12:00:00 GMT</datelastmodified>
			<userlastmodified>Admin</userlastmodified>
			<datecreated>Mon, 27 Jun 2005 08:00:00 GMT</datecreated>
			<usercreated>Admin</usercreated>
			<flags>0</flags>
			<properties>
				<property type="shared">
					<name>export</name>
					<value><![CDATA[false]]></value>
				</property>
				<property>
					<name>Title</name>
					<value><![CDATA[Recommend email parts]]></value>
				</property>
			</properties>
			<accesscontrol/>
		</file>
		<file>
			<source>system/modules/org.opencms.frontend.templateone/pages/search.html</source>
			<destination>system/modules/org.opencms.frontend.templateone/pages/search.html</destination>
			<type>jsp</type>
			<uuidresource>32677084-d596-11d8-ba2c-6dec57178f5b</uuidresource>
			<datelastmodified>Mon, 27 Mar 2006 12:00:00 GMT</datelastmodified>
			<userlastmodified>Admin</userlastmodified>
			<datecreated>Mon, 27 Jun 2005 08:00:00 GMT</datecreated>
			<usercreated>Admin</usercreated>
			<flags>0</flags>
			<properties>
				<property type="shared">
					<name>export</name>
					<value><![CDATA[false]]></value>
				</property>
				<property>
					<name>Title</name>
					<value><![CDATA[Search page]]></value>
				</property>
			</properties>
			<accesscontrol/>
		</file>
		<file>
			<destination>system/modules/org.opencms.frontend.templateone/resources</destination>
			<type>folder</type>
			<datelastmodified>Mon, 27 Mar 2006 12:00:00 GMT</datelastmodified>
			<userlastmodified>Admin</userlastmodified>
			<datecreated>Mon, 27 Jun 2005 08:00:00 GMT</datecreated>
			<usercreated>Admin</usercreated>
			<flags>0</flags>
			<properties>
				<property>
					<name>export</name>
					<value><![CDATA[true]]></value>
				</property>
				<property>
					<name>exportname</name>
					<value><![CDATA[/templateone/resources/]]></value>
				</property>
			</properties>
			<accesscontrol/>
		</file>
		<file>
			<source>system/modules/org.opencms.frontend.templateone/resources/contact.gif</source>
			<destination>system/modules/org.opencms.frontend.templateone/resources/contact.gif</destination>
			<type>image</type>
			<uuidresource>46dba570-d571-11d8-b127-6dec57178f5b</uuidresource>
			<datelastmodified>Mon, 27 Mar 2006 12:00:00 GMT</datelastmodified>
			<userlastmodified>Admin</userlastmodified>
			<datecreated>Mon, 27 Jun 2005 08:00:00 GMT</datecreated>
			<usercreated>Admin</usercreated>
			<flags>0</flags>
			<properties/>
			<accesscontrol/>
		</file>
		<file>
			<source>system/modules/org.opencms.frontend.templateone/resources/login.gif</source>
			<destination>system/modules/org.opencms.frontend.templateone/resources/login.gif</destination>
			<type>image</type>
			<uuidresource>46e2d164-d571-11d8-b127-6dec57178f5b</uuidresource>
			<datelastmodified>Mon, 27 Mar 2006 12:00:00 GMT</datelastmodified>
			<userlastmodified>Admin</userlastmodified>
			<datecreated>Mon, 27 Jun 2005 08:00:00 GMT</datecreated>
			<usercreated>Admin</usercreated>
			<flags>0</flags>
			<properties/>
			<accesscontrol/>
		</file>
		<file>
			<source>system/modules/org.opencms.frontend.templateone/resources/mail.gif</source>
			<destination>system/modules/org.opencms.frontend.templateone/resources/mail.gif</destination>
			<type>image</type>
			<uuidresource>46e9fd58-d571-11d8-b127-6dec57178f5b</uuidresource>
			<datelastmodified>Mon, 27 Mar 2006 12:00:00 GMT</datelastmodified>
			<userlastmodified>Admin</userlastmodified>
			<datecreated>Mon, 27 Jun 2005 08:00:00 GMT</datecreated>
			<usercreated>Admin</usercreated>
			<flags>0</flags>
			<properties/>
			<accesscontrol/>
		</file>
		<file>
			<source>system/modules/org.opencms.frontend.templateone/resources/menu_click.js</source>
			<destination>system/modules/org.opencms.frontend.templateone/resources/menu_click.js</destination>
			<type>jsp</type>
			<uuidresource>ff6602fa-80bd-11d9-ba74-eb1fdbd690a5</uuidresource>
			<datelastmodified>Mon, 27 Mar 2006 12:00:00 GMT</datelastmodified>
			<userlastmodified>Admin</userlastmodified>
			<datecreated>Mon, 27 Jun 2005 08:00:00 GMT</datecreated>
			<usercreated>Admin</usercreated>
			<flags>0</flags>
			<properties/>
			<accesscontrol/>
		</file>
		<file>
			<source>system/modules/org.opencms.frontend.templateone/resources/menu_click.js</source>
			<destination>system/modules/org.opencms.frontend.templateone/resources/menu_over.js</destination>
			<type>jsp</type>
			<uuidresource>ff6602fa-80bd-11d9-ba74-eb1fdbd690a5</uuidresource>
			<datelastmodified>Mon, 27 Mar 2006 12:00:00 GMT</datelastmodified>
			<userlastmodified>Admin</userlastmodified>
			<datecreated>Mon, 27 Jun 2005 08:00:00 GMT</datecreated>
			<usercreated>Admin</usercreated>
			<flags>0</flags>
			<properties/>
			<accesscontrol/>
		</file>
		<file>
			<source>system/modules/org.opencms.frontend.templateone/resources/nav_a.gif</source>
			<destination>system/modules/org.opencms.frontend.templateone/resources/nav_a.gif</destination>
			<type>image</type>
			<uuidresource>879b1fb5-db26-11d8-8823-993e109d03c3</uuidresource>
			<datelastmodified>Mon, 27 Mar 2006 12:00:00 GMT</datelastmodified>
			<userlastmodified>Admin</userlastmodified>
			<datecreated>Mon, 27 Jun 2005 08:00:00 GMT</datecreated>
			<usercreated>Admin</usercreated>
			<flags>0</flags>
			<properties/>
			<accesscontrol/>
		</file>
		<file>
			<source>system/modules/org.opencms.frontend.templateone/resources/nav_bc.gif</source>
			<destination>system/modules/org.opencms.frontend.templateone/resources/nav_bc.gif</destination>
			<type>image</type>
			<uuidresource>4714de00-d571-11d8-b127-6dec57178f5b</uuidresource>
			<datelastmodified>Mon, 27 Mar 2006 12:00:00 GMT</datelastmodified>
			<userlastmodified>Admin</userlastmodified>
			<datecreated>Mon, 27 Jun 2005 08:00:00 GMT</datecreated>
			<usercreated>Admin</usercreated>
			<flags>0</flags>
			<properties/>
			<accesscontrol/>
		</file>
		<file>
			<source>system/modules/org.opencms.frontend.templateone/resources/nav_i.gif</source>
			<destination>system/modules/org.opencms.frontend.templateone/resources/nav_i.gif</destination>
			<type>image</type>
			<uuidresource>87a24ba8-db26-11d8-8823-993e109d03c3</uuidresource>
			<datelastmodified>Mon, 27 Mar 2006 12:00:00 GMT</datelastmodified>
			<userlastmodified>Admin</userlastmodified>
			<datecreated>Mon, 27 Jun 2005 08:00:00 GMT</datecreated>
			<usercreated>Admin</usercreated>
			<flags>0</flags>
			<properties/>
			<accesscontrol/>
		</file>
		<file>
			<source>system/modules/org.opencms.frontend.templateone/resources/page.js</source>
			<destination>system/modules/org.opencms.frontend.templateone/resources/page.js</destination>
			<type>plain</type>
			<uuidresource>40059cb6-d5a1-11d8-b29f-6dec57178f5b</uuidresource>
			<datelastmodified>Mon, 27 Mar 2006 12:00:00 GMT</datelastmodified>
			<userlastmodified>Admin</userlastmodified>
			<datecreated>Mon, 27 Jun 2005 08:00:00 GMT</datecreated>
			<usercreated>Admin</usercreated>
			<flags>0</flags>
			<properties/>
			<accesscontrol/>
		</file>
		<file>
			<source>system/modules/org.opencms.frontend.templateone/resources/print.gif</source>
			<destination>system/modules/org.opencms.frontend.templateone/resources/print.gif</destination>
			<type>image</type>
			<uuidresource>46cb0398-d571-11d8-b127-6dec57178f5b</uuidresource>
			<datelastmodified>Mon, 27 Mar 2006 12:00:00 GMT</datelastmodified>
			<userlastmodified>Admin</userlastmodified>
			<datecreated>Mon, 27 Jun 2005 08:00:00 GMT</datecreated>
			<usercreated>Admin</usercreated>
			<flags>0</flags>
			<properties/>
			<accesscontrol/>
		</file>
		<file>
			<source>system/modules/org.opencms.frontend.templateone/resources/style.css</source>
			<destination>system/modules/org.opencms.frontend.templateone/resources/style.css</destination>
			<type>jsp</type>
			<uuidresource>46d22f8c-d571-11d8-b127-6dec57178f5b</uuidresource>
			<datelastmodified>Mon, 27 Mar 2006 12:00:00 GMT</datelastmodified>
			<userlastmodified>Admin</userlastmodified>
			<datecreated>Mon, 27 Jun 2005 08:00:00 GMT</datecreated>
			<usercreated>Admin</usercreated>
			<flags>0</flags>
			<properties>
				<property>
					<name>export</name>
					<value><![CDATA[false]]></value>
				</property>
				<property>
					<name>cache</name>
					<value><![CDATA[params=(respath,site,config,__locale)]]></value>
				</property>
			</properties>
			<accesscontrol/>
		</file>
		<file>
			<source>system/modules/org.opencms.frontend.templateone/resources/style_accessible.css</source>
			<destination>system/modules/org.opencms.frontend.templateone/resources/style_accessible.css</destination>
			<type>jsp</type>
			<uuidresource>e355ce1a-dbe3-11d8-9b6a-993e109d03c3</uuidresource>
			<datelastmodified>Mon, 27 Mar 2006 12:00:00 GMT</datelastmodified>
			<userlastmodified>Admin</userlastmodified>
			<datecreated>Mon, 27 Jun 2005 08:00:00 GMT</datecreated>
			<usercreated>Admin</usercreated>
			<flags>0</flags>
			<properties>
				<property>
					<name>cache</name>
					<value><![CDATA[params=(respath,site,config,__locale)]]></value>
				</property>
				<property>
					<name>export</name>
					<value><![CDATA[false]]></value>
				</property>
			</properties>
			<accesscontrol/>
		</file>
		<file>
			<source>system/modules/org.opencms.frontend.templateone/resources/up.gif</source>
			<destination>system/modules/org.opencms.frontend.templateone/resources/up.gif</destination>
			<type>image</type>
			<uuidresource>471c08f4-d571-11d8-b127-6dec57178f5b</uuidresource>
			<datelastmodified>Mon, 27 Mar 2006 12:00:00 GMT</datelastmodified>
			<userlastmodified>Admin</userlastmodified>
			<datecreated>Mon, 27 Jun 2005 08:00:00 GMT</datecreated>
			<usercreated>Admin</usercreated>
			<flags>0</flags>
			<properties/>
			<accesscontrol/>
		</file>
		<file>
			<destination>system/modules/org.opencms.frontend.templateone/resources/icons</destination>
			<type>folder</type>
			<datelastmodified>Mon, 27 Mar 2006 12:00:00 GMT</datelastmodified>
			<userlastmodified>Admin</userlastmodified>
			<datecreated>Mon, 27 Jun 2005 08:00:00 GMT</datecreated>
			<usercreated>Admin</usercreated>
			<flags>0</flags>
			<properties/>
			<accesscontrol/>
		</file>
		<file>
			<source>system/modules/org.opencms.frontend.templateone/resources/icons/ic_app_doc.gif</source>
			<destination>system/modules/org.opencms.frontend.templateone/resources/icons/ic_app_doc.gif</destination>
			<type>image</type>
			<uuidresource>193b66b9-b7e4-11d9-867a-ddc62aad31dd</uuidresource>
			<datelastmodified>Mon, 27 Mar 2006 12:00:00 GMT</datelastmodified>
			<userlastmodified>Admin</userlastmodified>
			<datecreated>Mon, 27 Jun 2005 08:00:00 GMT</datecreated>
			<usercreated>Admin</usercreated>
			<flags>0</flags>
			<properties>
				<property>
					<name>Title</name>
					<value><![CDATA[Word]]></value>
				</property>
			</properties>
			<accesscontrol/>
		</file>
		<file>
			<source>system/modules/org.opencms.frontend.templateone/resources/icons/ic_app_htm.gif</source>
			<destination>system/modules/org.opencms.frontend.templateone/resources/icons/ic_app_htm.gif</destination>
			<type>image</type>
			<uuidresource>19524a1c-b7e4-11d9-867a-ddc62aad31dd</uuidresource>
			<datelastmodified>Mon, 27 Mar 2006 12:00:00 GMT</datelastmodified>
			<userlastmodified>Admin</userlastmodified>
			<datecreated>Mon, 27 Jun 2005 08:00:00 GMT</datecreated>
			<usercreated>Admin</usercreated>
			<flags>0</flags>
			<properties>
				<property type="shared">
					<name>Title</name>
					<value><![CDATA[HTML]]></value>
				</property>
			</properties>
			<accesscontrol/>
		</file>
		<file>
			<source>system/modules/org.opencms.frontend.templateone/resources/icons/ic_app_htm.gif</source>
			<destination>system/modules/org.opencms.frontend.templateone/resources/icons/ic_app_html.gif</destination>
			<type>image</type>
			<uuidresource>19524a1c-b7e4-11d9-867a-ddc62aad31dd</uuidresource>
			<datelastmodified>Mon, 27 Mar 2006 12:00:00 GMT</datelastmodified>
			<userlastmodified>Admin</userlastmodified>
			<datecreated>Mon, 27 Jun 2005 08:00:00 GMT</datecreated>
			<usercreated>Admin</usercreated>
			<flags>0</flags>
			<properties>
				<property type="shared">
					<name>Title</name>
					<value><![CDATA[HTML]]></value>
				</property>
			</properties>
			<accesscontrol/>
		</file>
		<file>
			<source>system/modules/org.opencms.frontend.templateone/resources/icons/ic_app_pdf.gif</source>
			<destination>system/modules/org.opencms.frontend.templateone/resources/icons/ic_app_pdf.gif</destination>
			<type>image</type>
			<uuidresource>195b71df-b7e4-11d9-867a-ddc62aad31dd</uuidresource>
			<datelastmodified>Mon, 27 Mar 2006 12:00:00 GMT</datelastmodified>
			<userlastmodified>Admin</userlastmodified>
			<datecreated>Mon, 27 Jun 2005 08:00:00 GMT</datecreated>
			<usercreated>Admin</usercreated>
			<flags>0</flags>
			<properties>
				<property>
					<name>Title</name>
					<value><![CDATA[PDF]]></value>
				</property>
			</properties>
			<accesscontrol/>
		</file>
		<file>
			<source>system/modules/org.opencms.frontend.templateone/resources/icons/ic_app_ppt.gif</source>
			<destination>system/modules/org.opencms.frontend.templateone/resources/icons/ic_app_ppt.gif</destination>
			<type>image</type>
			<uuidresource>19662042-b7e4-11d9-867a-ddc62aad31dd</uuidresource>
			<datelastmodified>Mon, 27 Mar 2006 12:00:00 GMT</datelastmodified>
			<userlastmodified>Admin</userlastmodified>
			<datecreated>Mon, 27 Jun 2005 08:00:00 GMT</datecreated>
			<usercreated>Admin</usercreated>
			<flags>0</flags>
			<properties>
				<property>
					<name>Title</name>
					<value><![CDATA[Powerpoint]]></value>
				</property>
			</properties>
			<accesscontrol/>
		</file>
		<file>
			<source>system/modules/org.opencms.frontend.templateone/resources/icons/ic_app_txt.gif</source>
			<destination>system/modules/org.opencms.frontend.templateone/resources/icons/ic_app_txt.gif</destination>
			<type>image</type>
			<uuidresource>19695495-b7e4-11d9-867a-ddc62aad31dd</uuidresource>
			<datelastmodified>Mon, 27 Mar 2006 12:00:00 GMT</datelastmodified>
			<userlastmodified>Admin</userlastmodified>
			<datecreated>Mon, 27 Jun 2005 08:00:00 GMT</datecreated>
			<usercreated>Admin</usercreated>
			<flags>0</flags>
			<properties>
				<property>
					<name>Title</name>
					<value><![CDATA[Text]]></value>
				</property>
			</properties>
			<accesscontrol/>
		</file>
		<file>
			<source>system/modules/org.opencms.frontend.templateone/resources/icons/ic_app_xls.gif</source>
			<destination>system/modules/org.opencms.frontend.templateone/resources/icons/ic_app_xls.gif</destination>
			<type>image</type>
			<uuidresource>196adb38-b7e4-11d9-867a-ddc62aad31dd</uuidresource>
			<datelastmodified>Mon, 27 Mar 2006 12:00:00 GMT</datelastmodified>
			<userlastmodified>Admin</userlastmodified>
			<datecreated>Mon, 27 Jun 2005 08:00:00 GMT</datecreated>
			<usercreated>Admin</usercreated>
			<flags>0</flags>
			<properties>
				<property>
					<name>Title</name>
					<value><![CDATA[Excel]]></value>
				</property>
			</properties>
			<accesscontrol/>
		</file>
		<file>
			<destination>system/modules/org.opencms.frontend.templateone/schemas</destination>
			<type>folder</type>
			<datelastmodified>Mon, 27 Mar 2006 12:00:00 GMT</datelastmodified>
			<userlastmodified>Admin</userlastmodified>
			<datecreated>Mon, 27 Jun 2005 08:00:00 GMT</datecreated>
			<usercreated>Admin</usercreated>
			<flags>0</flags>
			<properties/>
			<accesscontrol/>
		</file>
		<file>
			<source>system/modules/org.opencms.frontend.templateone/schemas/common.xsd</source>
			<destination>system/modules/org.opencms.frontend.templateone/schemas/common.xsd</destination>
			<type>plain</type>
			<uuidresource>5e1f50e2-1d06-11d9-8b0f-95b5e57c814c</uuidresource>
			<datelastmodified>Mon, 27 Mar 2006 12:00:00 GMT</datelastmodified>
			<userlastmodified>Admin</userlastmodified>
			<datecreated>Mon, 27 Jun 2005 08:00:00 GMT</datecreated>
			<usercreated>Admin</usercreated>
			<flags>0</flags>
			<properties>
				<property>
					<name>Title</name>
					<value><![CDATA[Common configuration schema]]></value>
				</property>
			</properties>
			<accesscontrol/>
		</file>
		<file>
			<source>system/modules/org.opencms.frontend.templateone/schemas/headlink.xsd</source>
			<destination>system/modules/org.opencms.frontend.templateone/schemas/headlink.xsd</destination>
			<type>plain</type>
			<uuidresource>a0cfb416-4f43-11d9-8c98-2de49c45b2e5</uuidresource>
			<datelastmodified>Mon, 27 Mar 2006 12:00:00 GMT</datelastmodified>
			<userlastmodified>Admin</userlastmodified>
			<datecreated>Mon, 27 Jun 2005 08:00:00 GMT</datecreated>
			<usercreated>Admin</usercreated>
			<flags>0</flags>
			<properties>
				<property>
					<name>Title</name>
					<value><![CDATA[Single head link schema]]></value>
				</property>
			</properties>
			<accesscontrol/>
		</file>
		<file>
			<source>system/modules/org.opencms.frontend.templateone/schemas/homelink.xsd</source>
			<destination>system/modules/org.opencms.frontend.templateone/schemas/homelink.xsd</destination>
			<type>plain</type>
			<uuidresource>9ec37292-ed6c-11d9-928b-8b6885970dc7</uuidresource>
			<datelastmodified>Mon, 27 Mar 2006 12:00:00 GMT</datelastmodified>
			<userlastmodified>Admin</userlastmodified>
			<datecreated>Mon, 27 Jun 2005 08:00:00 GMT</datecreated>
			<usercreated>Admin</usercreated>
			<flags>0</flags>
			<properties>
				<property>
					<name>Title</name>
					<value><![CDATA[Headnav home link schema]]></value>
				</property>
			</properties>
			<accesscontrol/>
		</file>
		<file>
			<source>system/modules/org.opencms.frontend.templateone/schemas/imprint.xsd</source>
			<destination>system/modules/org.opencms.frontend.templateone/schemas/imprint.xsd</destination>
			<type>plain</type>
			<uuidresource>6ac89686-1d06-11d9-8b0f-95b5e57c814c</uuidresource>
			<datelastmodified>Mon, 27 Mar 2006 12:00:00 GMT</datelastmodified>
			<userlastmodified>Admin</userlastmodified>
			<datecreated>Mon, 27 Jun 2005 08:00:00 GMT</datecreated>
			<usercreated>Admin</usercreated>
			<flags>0</flags>
			<properties>
				<property>
					<name>Title</name>
					<value><![CDATA[Imprint schema]]></value>
				</property>
			</properties>
			<accesscontrol/>
		</file>
		<file>
			<source>system/modules/org.opencms.frontend.templateone/schemas/links.xsd</source>
			<destination>system/modules/org.opencms.frontend.templateone/schemas/links.xsd</destination>
			<type>plain</type>
			<uuidresource>6f99a69a-1d06-11d9-8b0f-95b5e57c814c</uuidresource>
			<datelastmodified>Mon, 27 Mar 2006 12:00:00 GMT</datelastmodified>
			<userlastmodified>Admin</userlastmodified>
			<datecreated>Mon, 27 Jun 2005 08:00:00 GMT</datecreated>
			<usercreated>Admin</usercreated>
			<flags>0</flags>
			<properties>
				<property>
					<name>Title</name>
					<value><![CDATA[Head links schema]]></value>
				</property>
			</properties>
			<accesscontrol/>
		</file>
		<file>
			<source>system/modules/org.opencms.frontend.templateone/schemas/navtop.xsd</source>
			<destination>system/modules/org.opencms.frontend.templateone/schemas/navtop.xsd</destination>
			<type>plain</type>
			<uuidresource>5d15f997-f76c-11d9-a520-f73c2606dec1</uuidresource>
			<datelastmodified>Mon, 27 Mar 2006 12:00:00 GMT</datelastmodified>
			<userlastmodified>Admin</userlastmodified>
			<datecreated>Mon, 18 Jul 2005 08:00:00 GMT</datecreated>
			<usercreated>Admin</usercreated>
			<flags>0</flags>
			<properties>
				<property>
					<name>Title</name>
					<value><![CDATA[Top navigation schema]]></value>
				</property>
			</properties>
			<accesscontrol/>
		</file>
		<file>
			<source>system/modules/org.opencms.frontend.templateone/schemas/navtopentry.xsd</source>
			<destination>system/modules/org.opencms.frontend.templateone/schemas/navtopentry.xsd</destination>
			<type>plain</type>
			<uuidresource>92a6221c-f76c-11d9-a520-f73c2606dec1</uuidresource>
			<datelastmodified>Mon, 27 Mar 2006 12:00:00 GMT</datelastmodified>
			<userlastmodified>Admin</userlastmodified>
			<datecreated>Mon, 18 Jul 2005 08:00:00 GMT</datecreated>
			<usercreated>Admin</usercreated>
			<flags>0</flags>
			<properties>
				<property>
					<name>Title</name>
					<value><![CDATA[Single top navigation entry lvl 1]]></value>
				</property>
			</properties>
			<accesscontrol/>
		</file>
		<file>
			<source>system/modules/org.opencms.frontend.templateone/schemas/navtopentry2.xsd</source>
			<destination>system/modules/org.opencms.frontend.templateone/schemas/navtopentry2.xsd</destination>
			<type>plain</type>
			<uuidresource>0597f85c-f775-11d9-a520-f73c2606dec1</uuidresource>
			<datelastmodified>Mon, 27 Mar 2006 12:00:00 GMT</datelastmodified>
			<userlastmodified>Admin</userlastmodified>
			<datecreated>Mon, 18 Jul 2005 08:00:00 GMT</datecreated>
			<usercreated>Admin</usercreated>
			<flags>0</flags>
			<properties>
				<property>
					<name>Title</name>
					<value><![CDATA[Single top navigation entry lvl 2]]></value>
				</property>
			</properties>
			<accesscontrol/>
		</file>
		<file>
			<source>system/modules/org.opencms.frontend.templateone/schemas/navtopentry3.xsd</source>
			<destination>system/modules/org.opencms.frontend.templateone/schemas/navtopentry3.xsd</destination>
			<type>plain</type>
			<uuidresource>4e038d31-f775-11d9-a520-f73c2606dec1</uuidresource>
			<datelastmodified>Mon, 27 Mar 2006 12:00:00 GMT</datelastmodified>
			<userlastmodified>Admin</userlastmodified>
			<datecreated>Mon, 18 Jul 2005 08:00:00 GMT</datecreated>
			<usercreated>Admin</usercreated>
			<flags>0</flags>
			<properties>
				<property>
					<name>Title</name>
					<value><![CDATA[Single top navigation entry lvl 2]]></value>
				</property>
			</properties>
			<accesscontrol/>
		</file>
		<file>
			<source>system/modules/org.opencms.frontend.templateone/schemas/styleoptional.xsd</source>
			<destination>system/modules/org.opencms.frontend.templateone/schemas/styleoptional.xsd</destination>
			<type>plain</type>
			<uuidresource>fc3d5696-921f-11d9-b1ae-eb1fdbd690a5</uuidresource>
			<datelastmodified>Mon, 27 Mar 2006 12:00:00 GMT</datelastmodified>
			<userlastmodified>Admin</userlastmodified>
			<datecreated>Mon, 27 Jun 2005 08:00:00 GMT</datecreated>
			<usercreated>Admin</usercreated>
			<flags>0</flags>
			<properties>
				<property>
					<name>Title</name>
					<value><![CDATA[Optional CSS configuration]]></value>
				</property>
			</properties>
			<accesscontrol/>
		</file>
		<file>
			<source>system/modules/org.opencms.frontend.templateone/schemas/stylesheet.xsd</source>
			<destination>system/modules/org.opencms.frontend.templateone/schemas/stylesheet.xsd</destination>
			<type>plain</type>
			<uuidresource>72868d5e-1d06-11d9-8b0f-95b5e57c814c</uuidresource>
			<datelastmodified>Mon, 27 Mar 2006 12:00:00 GMT</datelastmodified>
			<userlastmodified>Admin</userlastmodified>
			<datecreated>Mon, 27 Jun 2005 08:00:00 GMT</datecreated>
			<usercreated>Admin</usercreated>
			<flags>0</flags>
			<properties>
				<property>
					<name>Title</name>
					<value><![CDATA[CSS stylesheet schema]]></value>
				</property>
			</properties>
			<accesscontrol/>
		</file>
		<file>
			<destination>system/modules/org.opencms.frontend.templateone/templates</destination>
			<type>folder</type>
			<datelastmodified>Mon, 27 Mar 2006 12:00:00 GMT</datelastmodified>
			<userlastmodified>Admin</userlastmodified>
			<datecreated>Mon, 27 Jun 2005 08:00:00 GMT</datecreated>
			<usercreated>Admin</usercreated>
			<flags>0</flags>
			<properties/>
			<accesscontrol/>
		</file>
		<file>
			<source>system/modules/org.opencms.frontend.templateone/templates/main</source>
			<destination>system/modules/org.opencms.frontend.templateone/templates/main</destination>
			<type>jsp</type>
			<uuidresource>8e1ce060-d570-11d8-b127-6dec57178f5b</uuidresource>
			<datelastmodified>Mon, 27 Mar 2006 12:00:00 GMT</datelastmodified>
			<userlastmodified>Admin</userlastmodified>
			<datecreated>Mon, 27 Jun 2005 08:00:00 GMT</datecreated>
			<usercreated>Admin</usercreated>
			<flags>0</flags>
			<properties>
				<property>
					<name>cache</name>
					<value><![CDATA[uri;element;params=(print,accessible)]]></value>
				</property>
				<property type="shared">
					<name>export</name>
					<value><![CDATA[false]]></value>
				</property>
				<property>
					<name>template-elements</name>
					<value><![CDATA[text1*|Text Z1 S1,text2|Text Z1 S2,text3|Text Z2 S1,text4|Text Z2 S2,text5|Text Z3 S1,text6|Text Z3 S2,text7|Text Z4 S1,text8|Text Z4 S2]]></value>
				</property>
				<property>
					<name>template</name>
					<value><![CDATA[/system/modules/org.opencms.frontend.templateone/resources/style.css]]></value>
				</property>
				<property>
					<name>Title</name>
					<value><![CDATA[-OpenCms Template one]]></value>
				</property>
			</properties>
			<accesscontrol/>
		</file>
		<file>
			<destination>system/workplace</destination>
			<type>folder</type>
			<datelastmodified>Mon, 27 Mar 2006 12:00:00 GMT</datelastmodified>
			<userlastmodified>Admin</userlastmodified>
			<datecreated>Mon, 27 Jun 2005 08:00:00 GMT</datecreated>
			<usercreated>Admin</usercreated>
			<flags>0</flags>
			<properties>
				<property>
					<name>export</name>
					<value><![CDATA[false]]></value>
				</property>
			</properties>
			<accesscontrol>
				<accessentry>
					<uuidprincipal>GROUP.Guests</uuidprincipal>
					<flags>38</flags>
					<permissionset>
						<allowed>0</allowed>
						<denied>30</denied>
					</permissionset>
				</accessentry>
			</accesscontrol>
		</file>
		<file>
			<destination>system/workplace/resources</destination>
			<type>folder</type>
			<datelastmodified>Mon, 27 Mar 2006 12:00:00 GMT</datelastmodified>
			<userlastmodified>Admin</userlastmodified>
			<datecreated>Mon, 27 Jun 2005 08:00:00 GMT</datecreated>
			<usercreated>Admin</usercreated>
			<flags>0</flags>
			<properties>
				<property>
					<name>export</name>
					<value><![CDATA[false]]></value>
				</property>
			</properties>
			<accesscontrol/>
		</file>
		<file>
			<destination>system/workplace/resources/filetypes</destination>
			<type>folder</type>
			<datelastmodified>Mon, 27 Mar 2006 12:00:00 GMT</datelastmodified>
			<userlastmodified>Admin</userlastmodified>
			<datecreated>Mon, 27 Jun 2005 08:00:00 GMT</datecreated>
			<usercreated>Admin</usercreated>
			<flags>0</flags>
			<properties/>
			<accesscontrol/>
		</file>
		<file>
			<source>system/workplace/resources/filetypes/microsite.gif</source>
			<destination>system/workplace/resources/filetypes/microsite.gif</destination>
			<type>image</type>
			<uuidresource>e92b3b42-9078-11d9-8789-eb1fdbd690a5</uuidresource>
			<datelastmodified>Mon, 27 Mar 2006 12:00:00 GMT</datelastmodified>
			<userlastmodified>Admin</userlastmodified>
			<datecreated>Mon, 27 Jun 2005 08:00:00 GMT</datecreated>
			<usercreated>Admin</usercreated>
			<flags>0</flags>
			<properties/>
			<accesscontrol/>
		</file>
	</files>
</export>
