<?xml version="1.0" encoding="UTF-8"?>

<export>
	<info>
		<creator>Admin</creator>
		<opencms_version>6.2.0</opencms_version>
		<createdate>Tue, 14 Feb 2006 11:27:16 GMT</createdate>
		<project>Offline</project>
		<export_version>4</export_version>
	</info>
	<module>
		<name>org.opencms.frontend.templateone.form</name>
		<nicename><![CDATA[OpenCms 6 Template One online input form]]></nicename>
		<group>Template One</group>
		<class/>
		<description><![CDATA[<p>This module contains online form functionality for the OpenCms frontend template one.</p>
<p>This module can easily be used to create online input forms.</p>
<p><i>(c) 2006 by Alkacon Software GmbH (http://www.alkacon.com).</i></p>]]></description>
		<version>2.0.0</version>
		<authorname><![CDATA[Alkacon Software GmbH]]></authorname>
		<authoremail><![CDATA[info@alkacon.com]]></authoremail>
		<datecreated>Mon, 27 Jun 2005 08:00:00 GMT</datecreated>
		<userinstalled/>
		<dateinstalled/>
		<dependencies/>
		<exportpoints>
			<exportpoint uri="/system/modules/org.opencms.frontend.templateone.form/classes/" destination="WEB-INF/classes/"/>
			<exportpoint uri="/system/modules/org.opencms.frontend.templateone.form/lib/" destination="WEB-INF/lib/"/>
			<exportpoint uri="/system/modules/org.opencms.frontend.templateone.form/captchabackgrounds/" destination="resources/captchabackgrounds/"/>
		</exportpoints>
		<resources>
			<resource uri="/system/modules/org.opencms.frontend.templateone.form/"/>
			<resource uri="/system/workplace/resources/filetypes/emailform.gif"/>
			<resource uri="/system/workplace/admin/captcha/"/>
		</resources>
		<parameters/>
		<resourcetypes>
			<type class="org.opencms.file.types.CmsResourceTypeXmlContent" name="emailform" id="60">
				<properties>
					<property>
						<name>template-elements</name>
						<value type="shared"><![CDATA[/system/modules/org.opencms.frontend.templateone.form/pages/form.html]]></value>
					</property>
				</properties>
				<param name="schema">/system/modules/org.opencms.frontend.templateone.form/schemas/form.xsd</param>
			</type>
		</resourcetypes>
		<explorertypes>
			<explorertype name="emailform" key="fileicon.emailform" icon="emailform.gif" reference="xmlcontent">
				<newresource page="structurecontent" uri="newresource_xmlcontent.jsp?newresourcetype=emailform" order="60"/>
				<accesscontrol>
					<accessentry principal="GROUP.Administrators" permissions="+r+v+w+c"/>
					<accessentry principal="GROUP.Projectmanagers" permissions="+r+v+w+c"/>
					<accessentry principal="GROUP.Users" permissions="+r+v+w+c"/>
				</accesscontrol>
			</explorertype>
		</explorertypes>
	</module>
	<files>
		<file>
			<destination>system</destination>
			<type>folder</type>
			<datelastmodified>Mon, 27 Mar 2006 12:00:00 GMT</datelastmodified>
			<userlastmodified>Admin</userlastmodified>
			<datecreated>Sat, 15 Oct 2005 18:33:09 GMT</datecreated>
			<usercreated>Admin</usercreated>
			<flags>0</flags>
			<properties/>
			<accesscontrol>
				<accessentry>
					<uuidprincipal>GROUP.Users</uuidprincipal>
					<flags>34</flags>
					<permissionset>
						<allowed>1</allowed>
						<denied>0</denied>
					</permissionset>
				</accessentry>
			</accesscontrol>
		</file>
		<file>
			<destination>system/modules</destination>
			<type>folder</type>
			<datelastmodified>Mon, 27 Mar 2006 12:00:00 GMT</datelastmodified>
			<userlastmodified>Admin</userlastmodified>
			<datecreated>Mon, 10 Oct 2005 08:10:10 GMT</datecreated>
			<usercreated>Admin</usercreated>
			<flags>0</flags>
			<properties/>
			<accesscontrol/>
		</file>
		<file>
			<destination>system/modules/org.opencms.frontend.templateone.form</destination>
			<type>folder</type>
			<datelastmodified>Mon, 27 Mar 2006 12:00:00 GMT</datelastmodified>
			<userlastmodified>Admin</userlastmodified>
			<datecreated>Mon, 10 Oct 2005 08:10:10 GMT</datecreated>
			<usercreated>Admin</usercreated>
			<flags>0</flags>
			<properties>
				<property>
					<name>export</name>
					<value><![CDATA[false]]></value>
				</property>
			</properties>
			<accesscontrol/>
		</file>
		<file>
			<destination>system/modules/org.opencms.frontend.templateone.form/captchabackgrounds</destination>
			<type>folder</type>
			<datelastmodified>Mon, 27 Mar 2006 12:00:00 GMT</datelastmodified>
			<userlastmodified>Admin</userlastmodified>
			<datecreated>Mon, 02 Jan 2006 17:54:41 GMT</datecreated>
			<usercreated>Admin</usercreated>
			<flags>0</flags>
			<properties/>
			<accesscontrol/>
		</file>
		<file>
			<source>system/modules/org.opencms.frontend.templateone.form/captchabackgrounds/background1.jpg</source>
			<destination>system/modules/org.opencms.frontend.templateone.form/captchabackgrounds/background1.jpg</destination>
			<type>image</type>
			<uuidresource>78cf1942-7bbb-11da-8976-5b510a4bd4de</uuidresource>
			<datelastmodified>Mon, 27 Mar 2006 12:00:00 GMT</datelastmodified>
			<userlastmodified>Admin</userlastmodified>
			<datecreated>Mon, 02 Jan 2006 18:13:27 GMT</datecreated>
			<usercreated>Admin</usercreated>
			<flags>0</flags>
			<properties>
				<property>
					<name>Title</name>
					<value><![CDATA[background1]]></value>
				</property>
			</properties>
			<accesscontrol/>
		</file>
		<file>
			<source>system/modules/org.opencms.frontend.templateone.form/captchabackgrounds/background2.jpg</source>
			<destination>system/modules/org.opencms.frontend.templateone.form/captchabackgrounds/background2.jpg</destination>
			<type>image</type>
			<uuidresource>78db4e46-7bbb-11da-8976-5b510a4bd4de</uuidresource>
			<datelastmodified>Mon, 27 Mar 2006 12:00:00 GMT</datelastmodified>
			<userlastmodified>Admin</userlastmodified>
			<datecreated>Mon, 02 Jan 2006 18:13:27 GMT</datecreated>
			<usercreated>Admin</usercreated>
			<flags>0</flags>
			<properties>
				<property>
					<name>Title</name>
					<value><![CDATA[background2]]></value>
				</property>
			</properties>
			<accesscontrol/>
		</file>
		<file>
			<source>system/modules/org.opencms.frontend.templateone.form/captchabackgrounds/background3.jpg</source>
			<destination>system/modules/org.opencms.frontend.templateone.form/captchabackgrounds/background3.jpg</destination>
			<type>image</type>
			<uuidresource>78dcd4ea-7bbb-11da-8976-5b510a4bd4de</uuidresource>
			<datelastmodified>Mon, 27 Mar 2006 12:00:00 GMT</datelastmodified>
			<userlastmodified>Admin</userlastmodified>
			<datecreated>Mon, 02 Jan 2006 18:13:27 GMT</datecreated>
			<usercreated>Admin</usercreated>
			<flags>0</flags>
			<properties>
				<property>
					<name>Title</name>
					<value><![CDATA[background3]]></value>
				</property>
			</properties>
			<accesscontrol/>
		</file>
		<file>
			<source>system/modules/org.opencms.frontend.templateone.form/captchabackgrounds/background4.jpg</source>
			<destination>system/modules/org.opencms.frontend.templateone.form/captchabackgrounds/background4.jpg</destination>
			<type>image</type>
			<uuidresource>78dfe22e-7bbb-11da-8976-5b510a4bd4de</uuidresource>
			<datelastmodified>Mon, 27 Mar 2006 12:00:00 GMT</datelastmodified>
			<userlastmodified>Admin</userlastmodified>
			<datecreated>Mon, 02 Jan 2006 18:13:27 GMT</datecreated>
			<usercreated>Admin</usercreated>
			<flags>0</flags>
			<properties>
				<property>
					<name>Title</name>
					<value><![CDATA[background4]]></value>
				</property>
			</properties>
			<accesscontrol/>
		</file>
		<file>
			<source>system/modules/org.opencms.frontend.templateone.form/captchabackgrounds/background5.jpg</source>
			<destination>system/modules/org.opencms.frontend.templateone.form/captchabackgrounds/background5.jpg</destination>
			<type>image</type>
			<uuidresource>78e2ef72-7bbb-11da-8976-5b510a4bd4de</uuidresource>
			<datelastmodified>Mon, 27 Mar 2006 12:00:00 GMT</datelastmodified>
			<userlastmodified>Admin</userlastmodified>
			<datecreated>Mon, 02 Jan 2006 18:13:27 GMT</datecreated>
			<usercreated>Admin</usercreated>
			<flags>0</flags>
			<properties>
				<property>
					<name>Title</name>
					<value><![CDATA[background5]]></value>
				</property>
			</properties>
			<accesscontrol/>
		</file>
		<file>
			<source>system/modules/org.opencms.frontend.templateone.form/captchabackgrounds/background6.jpg</source>
			<destination>system/modules/org.opencms.frontend.templateone.form/captchabackgrounds/background6.jpg</destination>
			<type>image</type>
			<uuidresource>78e47616-7bbb-11da-8976-5b510a4bd4de</uuidresource>
			<datelastmodified>Mon, 27 Mar 2006 12:00:00 GMT</datelastmodified>
			<userlastmodified>Admin</userlastmodified>
			<datecreated>Mon, 02 Jan 2006 18:13:27 GMT</datecreated>
			<usercreated>Admin</usercreated>
			<flags>0</flags>
			<properties>
				<property>
					<name>Title</name>
					<value><![CDATA[f0]]></value>
				</property>
			</properties>
			<accesscontrol/>
		</file>
		<file>
			<source>system/modules/org.opencms.frontend.templateone.form/captchabackgrounds/background7.jpg</source>
			<destination>system/modules/org.opencms.frontend.templateone.form/captchabackgrounds/background7.jpg</destination>
			<type>image</type>
			<uuidresource>78e909fa-7bbb-11da-8976-5b510a4bd4de</uuidresource>
			<datelastmodified>Mon, 27 Mar 2006 12:00:00 GMT</datelastmodified>
			<userlastmodified>Admin</userlastmodified>
			<datecreated>Mon, 02 Jan 2006 18:13:27 GMT</datecreated>
			<usercreated>Admin</usercreated>
			<flags>0</flags>
			<properties>
				<property>
					<name>Title</name>
					<value><![CDATA[f2]]></value>
				</property>
			</properties>
			<accesscontrol/>
		</file>
		<file>
			<source>system/modules/org.opencms.frontend.templateone.form/captchabackgrounds/background8.jpg</source>
			<destination>system/modules/org.opencms.frontend.templateone.form/captchabackgrounds/background8.jpg</destination>
			<type>image</type>
			<uuidresource>78ed9dde-7bbb-11da-8976-5b510a4bd4de</uuidresource>
			<datelastmodified>Mon, 27 Mar 2006 12:00:00 GMT</datelastmodified>
			<userlastmodified>Admin</userlastmodified>
			<datecreated>Mon, 02 Jan 2006 18:13:27 GMT</datecreated>
			<usercreated>Admin</usercreated>
			<flags>0</flags>
			<properties>
				<property>
					<name>Title</name>
					<value><![CDATA[fractal-raindrop-small]]></value>
				</property>
			</properties>
			<accesscontrol/>
		</file>
		<file>
			<destination>system/modules/org.opencms.frontend.templateone.form/classes</destination>
			<type>folder</type>
			<datelastmodified>Mon, 27 Mar 2006 12:00:00 GMT</datelastmodified>
			<userlastmodified>Admin</userlastmodified>
			<datecreated>Mon, 10 Oct 2005 08:10:10 GMT</datecreated>
			<usercreated>Admin</usercreated>
			<flags>0</flags>
			<properties/>
			<accesscontrol/>
		</file>
		<file>
			<destination>system/modules/org.opencms.frontend.templateone.form/classes/org</destination>
			<type>folder</type>
			<datelastmodified>Mon, 27 Mar 2006 12:00:00 GMT</datelastmodified>
			<userlastmodified>Admin</userlastmodified>
			<datecreated>Mon, 10 Oct 2005 08:10:10 GMT</datecreated>
			<usercreated>Admin</usercreated>
			<flags>0</flags>
			<properties/>
			<accesscontrol/>
		</file>
		<file>
			<destination>system/modules/org.opencms.frontend.templateone.form/classes/org/opencms</destination>
			<type>folder</type>
			<datelastmodified>Mon, 27 Mar 2006 12:00:00 GMT</datelastmodified>
			<userlastmodified>Admin</userlastmodified>
			<datecreated>Mon, 10 Oct 2005 08:10:10 GMT</datecreated>
			<usercreated>Admin</usercreated>
			<flags>0</flags>
			<properties/>
			<accesscontrol/>
		</file>
		<file>
			<destination>system/modules/org.opencms.frontend.templateone.form/classes/org/opencms/frontend</destination>
			<type>folder</type>
			<datelastmodified>Mon, 27 Mar 2006 12:00:00 GMT</datelastmodified>
			<userlastmodified>Admin</userlastmodified>
			<datecreated>Mon, 10 Oct 2005 08:10:10 GMT</datecreated>
			<usercreated>Admin</usercreated>
			<flags>0</flags>
			<properties/>
			<accesscontrol/>
		</file>
		<file>
			<destination>system/modules/org.opencms.frontend.templateone.form/classes/org/opencms/frontend/templateone</destination>
			<type>folder</type>
			<datelastmodified>Mon, 27 Mar 2006 12:00:00 GMT</datelastmodified>
			<userlastmodified>Admin</userlastmodified>
			<datecreated>Mon, 10 Oct 2005 08:10:10 GMT</datecreated>
			<usercreated>Admin</usercreated>
			<flags>0</flags>
			<properties/>
			<accesscontrol/>
		</file>
		<file>
			<destination>system/modules/org.opencms.frontend.templateone.form/classes/org/opencms/frontend/templateone/form</destination>
			<type>folder</type>
			<datelastmodified>Mon, 27 Mar 2006 12:00:00 GMT</datelastmodified>
			<userlastmodified>Admin</userlastmodified>
			<datecreated>Mon, 10 Oct 2005 08:10:10 GMT</datecreated>
			<usercreated>Admin</usercreated>
			<flags>0</flags>
			<properties/>
			<accesscontrol/>
		</file>
		<file>
			<source>system/modules/org.opencms.frontend.templateone.form/classes/org/opencms/frontend/templateone/form/workplace.properties</source>
			<destination>system/modules/org.opencms.frontend.templateone.form/classes/org/opencms/frontend/templateone/form/workplace.properties</destination>
			<type>plain</type>
			<uuidresource>9175ff70-6316-11d9-8f91-f55bb5376c24</uuidresource>
			<datelastmodified>Mon, 27 Mar 2006 12:00:00 GMT</datelastmodified>
			<userlastmodified>Admin</userlastmodified>
			<datecreated>Mon, 10 Oct 2005 08:10:10 GMT</datecreated>
			<usercreated>Admin</usercreated>
			<flags>0</flags>
			<properties>
				<property>
					<name>content-encoding</name>
					<value><![CDATA[ISO-8859-1]]></value>
				</property>
			</properties>
			<accesscontrol/>
		</file>
		<file>
			<source>system/modules/org.opencms.frontend.templateone.form/classes/org/opencms/frontend/templateone/form/workplace_de.properties</source>
			<destination>system/modules/org.opencms.frontend.templateone.form/classes/org/opencms/frontend/templateone/form/workplace_de.properties</destination>
			<type>plain</type>
			<uuidresource>ef61baa7-695b-11d9-8aac-f55bb5376c24</uuidresource>
			<datelastmodified>Mon, 27 Mar 2006 12:00:00 GMT</datelastmodified>
			<userlastmodified>Admin</userlastmodified>
			<datecreated>Mon, 10 Oct 2005 08:10:10 GMT</datecreated>
			<usercreated>Admin</usercreated>
			<flags>0</flags>
			<properties>
				<property>
					<name>content-encoding</name>
					<value><![CDATA[ISO-8859-1]]></value>
				</property>
			</properties>
			<accesscontrol/>
		</file>
		<file>
			<destination>system/modules/org.opencms.frontend.templateone.form/classes/org/opencms/frontend/templateone/form/workplace_en.properties</destination>
			<type>plain</type>
			<uuidresource>9175ff70-6316-11d9-8f91-f55bb5376c24</uuidresource>
			<datelastmodified>Mon, 27 Mar 2006 12:00:00 GMT</datelastmodified>
			<userlastmodified>Admin</userlastmodified>
			<datecreated>Mon, 10 Oct 2005 08:10:10 GMT</datecreated>
			<usercreated>Admin</usercreated>
			<flags>0</flags>
			<properties>
				<property>
					<name>content-encoding</name>
					<value><![CDATA[ISO-8859-1]]></value>
				</property>
			</properties>
			<accesscontrol/>
		</file>
		<file>
			<source>system/modules/org.opencms.frontend.templateone.form/classes/org/opencms/frontend/templateone/form/workplace_fr.properties</source>
			<destination>system/modules/org.opencms.frontend.templateone.form/classes/org/opencms/frontend/templateone/form/workplace_fr.properties</destination>
			<type>plain</type>
			<uuidresource>9bef44b1-1f73-11da-9ddd-8f106d5078a1</uuidresource>
			<datelastmodified>Mon, 27 Mar 2006 12:00:00 GMT</datelastmodified>
			<userlastmodified>Admin</userlastmodified>
			<datecreated>Mon, 10 Oct 2005 08:10:10 GMT</datecreated>
			<usercreated>Admin</usercreated>
			<flags>0</flags>
			<properties>
				<property>
					<name>content-encoding</name>
					<value><![CDATA[ISO-8859-1]]></value>
				</property>
			</properties>
			<accesscontrol/>
		</file>
		<file>
			<source>system/modules/org.opencms.frontend.templateone.form/classes/org/opencms/frontend/templateone/form/workplace_it.properties</source>
			<destination>system/modules/org.opencms.frontend.templateone.form/classes/org/opencms/frontend/templateone/form/workplace_it.properties</destination>
			<type>plain</type>
			<uuidresource>a918b6d4-1f73-11da-9ddd-8f106d5078a1</uuidresource>
			<datelastmodified>Mon, 27 Mar 2006 12:00:00 GMT</datelastmodified>
			<userlastmodified>Admin</userlastmodified>
			<datecreated>Mon, 10 Oct 2005 08:10:10 GMT</datecreated>
			<usercreated>Admin</usercreated>
			<flags>0</flags>
			<properties>
				<property>
					<name>content-encoding</name>
					<value><![CDATA[ISO-8859-1]]></value>
				</property>
			</properties>
			<accesscontrol/>
		</file>
		<file>
			<destination>system/modules/org.opencms.frontend.templateone.form/elements</destination>
			<type>folder</type>
			<datelastmodified>Mon, 27 Mar 2006 12:00:00 GMT</datelastmodified>
			<userlastmodified>Admin</userlastmodified>
			<datecreated>Mon, 10 Oct 2005 08:10:10 GMT</datecreated>
			<usercreated>Admin</usercreated>
			<flags>0</flags>
			<properties/>
			<accesscontrol/>
		</file>
		<file>
			<source>system/modules/org.opencms.frontend.templateone.form/elements/check.jsp</source>
			<destination>system/modules/org.opencms.frontend.templateone.form/elements/check.jsp</destination>
			<type>jsp</type>
			<uuidresource>9f6e5555-654f-11d9-ba18-f55bb5376c24</uuidresource>
			<datelastmodified>Mon, 27 Mar 2006 12:00:00 GMT</datelastmodified>
			<userlastmodified>Admin</userlastmodified>
			<datecreated>Mon, 10 Oct 2005 08:10:10 GMT</datecreated>
			<usercreated>Admin</usercreated>
			<flags>0</flags>
			<properties>
				<property>
					<name>Title</name>
					<value><![CDATA[Form check page (optional)]]></value>
				</property>
			</properties>
			<accesscontrol/>
		</file>
		<file>
			<source>system/modules/org.opencms.frontend.templateone.form/elements/confirmation.jsp</source>
			<destination>system/modules/org.opencms.frontend.templateone.form/elements/confirmation.jsp</destination>
			<type>jsp</type>
			<uuidresource>ea1cd525-6884-11d9-9876-f55bb5376c24</uuidresource>
			<datelastmodified>Mon, 27 Mar 2006 12:00:00 GMT</datelastmodified>
			<userlastmodified>Admin</userlastmodified>
			<datecreated>Mon, 10 Oct 2005 08:10:10 GMT</datecreated>
			<usercreated>Admin</usercreated>
			<flags>0</flags>
			<properties>
				<property type="shared">
					<name>export</name>
					<value><![CDATA[false]]></value>
				</property>
				<property>
					<name>Title</name>
					<value><![CDATA[Form confirmation end page]]></value>
				</property>
			</properties>
			<accesscontrol/>
		</file>
		<file>
			<destination>system/modules/org.opencms.frontend.templateone.form/lib</destination>
			<type>folder</type>
			<datelastmodified>Mon, 27 Mar 2006 12:00:00 GMT</datelastmodified>
			<userlastmodified>Admin</userlastmodified>
			<datecreated>Mon, 10 Oct 2005 08:10:10 GMT</datecreated>
			<usercreated>Admin</usercreated>
			<flags>0</flags>
			<properties/>
			<accesscontrol/>
		</file>
		<file>
			<source>system/modules/org.opencms.frontend.templateone.form/lib/ehcache-1.0.jar</source>
			<destination>system/modules/org.opencms.frontend.templateone.form/lib/ehcache-1.0.jar</destination>
			<type>binary</type>
			<uuidresource>3667e21b-f850-11d9-9e77-c7beef112ba5</uuidresource>
			<datelastmodified>Mon, 27 Mar 2006 12:00:00 GMT</datelastmodified>
			<userlastmodified>Admin</userlastmodified>
			<datecreated>Mon, 10 Oct 2005 08:10:10 GMT</datecreated>
			<usercreated>Admin</usercreated>
			<flags>0</flags>
			<properties/>
			<accesscontrol/>
		</file>
		<file>
			<source>system/modules/org.opencms.frontend.templateone.form/lib/jcaptcha-all-1.0-RC2.0.1.jar</source>
			<destination>system/modules/org.opencms.frontend.templateone.form/lib/jcaptcha-all-1.0-RC2.0.1.jar</destination>
			<type>binary</type>
			<uuidresource>3677245e-f850-11d9-9e77-c7beef112ba5</uuidresource>
			<datelastmodified>Mon, 27 Mar 2006 12:00:00 GMT</datelastmodified>
			<userlastmodified>Admin</userlastmodified>
			<datecreated>Mon, 10 Oct 2005 08:10:10 GMT</datecreated>
			<usercreated>Admin</usercreated>
			<flags>0</flags>
			<properties/>
			<accesscontrol/>
		</file>
		<file>
			<destination>system/modules/org.opencms.frontend.templateone.form/pages</destination>
			<type>folder</type>
			<datelastmodified>Mon, 27 Mar 2006 12:00:00 GMT</datelastmodified>
			<userlastmodified>Admin</userlastmodified>
			<datecreated>Mon, 10 Oct 2005 08:10:10 GMT</datecreated>
			<usercreated>Admin</usercreated>
			<flags>0</flags>
			<properties/>
			<accesscontrol/>
		</file>
		<file>
			<source>system/modules/org.opencms.frontend.templateone.form/pages/captcha</source>
			<destination>system/modules/org.opencms.frontend.templateone.form/pages/captcha</destination>
			<type>jsp</type>
			<uuidresource>0cad6a0a-f90e-11d9-b740-c7beef112ba5</uuidresource>
			<datelastmodified>Mon, 27 Mar 2006 12:00:00 GMT</datelastmodified>
			<userlastmodified>Admin</userlastmodified>
			<datecreated>Mon, 10 Oct 2005 08:10:10 GMT</datecreated>
			<usercreated>Admin</usercreated>
			<flags>0</flags>
			<properties>
				<property>
					<name>cache</name>
					<value><![CDATA[never;]]></value>
				</property>
				<property>
					<name>content-encoding</name>
					<value><![CDATA[UTF-8]]></value>
				</property>
				<property type="shared">
					<name>export</name>
					<value><![CDATA[false]]></value>
				</property>
				<property>
					<name>Title</name>
					<value><![CDATA[Renders captcha images]]></value>
				</property>
			</properties>
			<accesscontrol/>
		</file>
		<file>
			<source>system/modules/org.opencms.frontend.templateone.form/pages/form.html</source>
			<destination>system/modules/org.opencms.frontend.templateone.form/pages/form.html</destination>
			<type>jsp</type>
			<uuidresource>ffb9f73b-63b8-11d9-ab74-f55bb5376c24</uuidresource>
			<datelastmodified>Mon, 27 Mar 2006 12:00:00 GMT</datelastmodified>
			<userlastmodified>Admin</userlastmodified>
			<datecreated>Mon, 10 Oct 2005 08:10:10 GMT</datecreated>
			<usercreated>Admin</usercreated>
			<flags>0</flags>
			<properties>
				<property type="shared">
					<name>export</name>
					<value><![CDATA[false]]></value>
				</property>
				<property>
					<name>cache</name>
					<value><![CDATA[uri;no-params]]></value>
				</property>
				<property>
					<name>Title</name>
					<value><![CDATA[Input form page]]></value>
				</property>
			</properties>
			<accesscontrol/>
		</file>
		<file>
			<destination>system/modules/org.opencms.frontend.templateone.form/schemas</destination>
			<type>folder</type>
			<datelastmodified>Mon, 27 Mar 2006 12:00:00 GMT</datelastmodified>
			<userlastmodified>Admin</userlastmodified>
			<datecreated>Mon, 10 Oct 2005 08:10:10 GMT</datecreated>
			<usercreated>Admin</usercreated>
			<flags>0</flags>
			<properties/>
			<accesscontrol/>
		</file>
		<file>
			<source>system/modules/org.opencms.frontend.templateone.form/schemas/captchapreset.xsd</source>
			<destination>system/modules/org.opencms.frontend.templateone.form/schemas/captchapreset.xsd</destination>
			<type>plain</type>
			<uuidresource>adcf466c-6e67-11da-8234-5b510a4bd4de</uuidresource>
			<datelastmodified>Mon, 27 Mar 2006 12:00:00 GMT</datelastmodified>
			<userlastmodified>Admin</userlastmodified>
			<datecreated>Fri, 16 Dec 2005 19:10:53 GMT</datecreated>
			<usercreated>Admin</usercreated>
			<flags>0</flags>
			<properties>
				<property>
					<name>Title</name>
					<value><![CDATA[Nested XSD for optional captcha images]]></value>
				</property>
			</properties>
			<accesscontrol/>
		</file>
		<file>
			<source>system/modules/org.opencms.frontend.templateone.form/schemas/form.xsd</source>
			<destination>system/modules/org.opencms.frontend.templateone.form/schemas/form.xsd</destination>
			<type>plain</type>
			<uuidresource>a58c4c68-630d-11d9-ba58-f55bb5376c24</uuidresource>
			<datelastmodified>Mon, 27 Mar 2006 12:00:00 GMT</datelastmodified>
			<userlastmodified>Admin</userlastmodified>
			<datecreated>Mon, 10 Oct 2005 08:10:10 GMT</datecreated>
			<usercreated>Admin</usercreated>
			<flags>0</flags>
			<properties>
				<property>
					<name>Title</name>
					<value><![CDATA[XSD for online forms]]></value>
				</property>
			</properties>
			<accesscontrol/>
		</file>
		<file>
			<source>system/modules/org.opencms.frontend.templateone.form/schemas/inputfield.xsd</source>
			<destination>system/modules/org.opencms.frontend.templateone.form/schemas/inputfield.xsd</destination>
			<type>plain</type>
			<uuidresource>adf38d6e-630b-11d9-ba58-f55bb5376c24</uuidresource>
			<datelastmodified>Mon, 27 Mar 2006 12:00:00 GMT</datelastmodified>
			<userlastmodified>Admin</userlastmodified>
			<datecreated>Mon, 10 Oct 2005 08:10:10 GMT</datecreated>
			<usercreated>Admin</usercreated>
			<flags>512</flags>
			<properties>
				<property>
					<name>Title</name>
					<value><![CDATA[Nested XSD for a form input field]]></value>
				</property>
			</properties>
			<accesscontrol/>
		</file>
		<file>
			<source>system/modules/org.opencms.frontend.templateone.form/schemas/optionalconfig.xsd</source>
			<destination>system/modules/org.opencms.frontend.templateone.form/schemas/optionalconfig.xsd</destination>
			<type>plain</type>
			<uuidresource>03161053-689a-11d9-b9b0-f55bb5376c24</uuidresource>
			<datelastmodified>Mon, 27 Mar 2006 12:00:00 GMT</datelastmodified>
			<userlastmodified>Admin</userlastmodified>
			<datecreated>Mon, 10 Oct 2005 08:10:10 GMT</datecreated>
			<usercreated>Admin</usercreated>
			<flags>512</flags>
			<properties>
				<property>
					<name>Title</name>
					<value><![CDATA[Nested XSD for optional configurations]]></value>
				</property>
			</properties>
			<accesscontrol/>
		</file>
		<file>
			<source>system/modules/org.opencms.frontend.templateone.form/schemas/optionalconfirmation.xsd</source>
			<destination>system/modules/org.opencms.frontend.templateone.form/schemas/optionalconfirmation.xsd</destination>
			<type>plain</type>
			<uuidresource>477afeb3-739e-11d9-9536-eb1fdbd690a5</uuidresource>
			<datelastmodified>Mon, 27 Mar 2006 12:00:00 GMT</datelastmodified>
			<userlastmodified>Admin</userlastmodified>
			<datecreated>Mon, 10 Oct 2005 08:10:10 GMT</datecreated>
			<usercreated>Admin</usercreated>
			<flags>512</flags>
			<properties>
				<property>
					<name>Title</name>
					<value><![CDATA[Nested XSD for optional confirmation email]]></value>
				</property>
			</properties>
			<accesscontrol/>
		</file>
		<file>
			<source>system/modules/org.opencms.frontend.templateone.form/schemas/optionalformcaptcha.xsd</source>
			<destination>system/modules/org.opencms.frontend.templateone.form/schemas/optionalformcaptcha.xsd</destination>
			<type>plain</type>
			<uuidresource>8175f1c2-f851-11d9-9e77-c7beef112ba5</uuidresource>
			<datelastmodified>Mon, 27 Mar 2006 12:00:00 GMT</datelastmodified>
			<userlastmodified>Admin</userlastmodified>
			<datecreated>Mon, 10 Oct 2005 08:10:10 GMT</datecreated>
			<usercreated>Admin</usercreated>
			<flags>0</flags>
			<properties>
				<property>
					<name>Title</name>
					<value><![CDATA[Nested XSD for optional captcha images]]></value>
				</property>
			</properties>
			<accesscontrol/>
		</file>
		<file>
			<destination>system/workplace</destination>
			<type>folder</type>
			<datelastmodified>Mon, 27 Mar 2006 12:00:00 GMT</datelastmodified>
			<userlastmodified>Admin</userlastmodified>
			<datecreated>Mon, 10 Oct 2005 08:10:10 GMT</datecreated>
			<usercreated>Admin</usercreated>
			<flags>0</flags>
			<properties>
				<property>
					<name>content-encoding</name>
					<value><![CDATA[UTF-8]]></value>
				</property>
				<property>
					<name>export</name>
					<value><![CDATA[false]]></value>
				</property>
				<property>
					<name>login-form</name>
					<value><![CDATA[/system/login/index.html]]></value>
				</property>
			</properties>
			<accesscontrol>
				<accessentry>
					<uuidprincipal>GROUP.Guests</uuidprincipal>
					<flags>38</flags>
					<permissionset>
						<allowed>0</allowed>
						<denied>30</denied>
					</permissionset>
				</accessentry>
			</accesscontrol>
		</file>
		<file>
			<destination>system/workplace/admin</destination>
			<type>folder</type>
			<datelastmodified>Mon, 27 Mar 2006 12:00:00 GMT</datelastmodified>
			<userlastmodified>Admin</userlastmodified>
			<datecreated>Mon, 10 Oct 2005 08:10:10 GMT</datecreated>
			<usercreated>Admin</usercreated>
			<flags>0</flags>
			<properties>
				<property>
					<name>cache</name>
					<value><![CDATA[bypass]]></value>
				</property>
				<property>
					<name>Title</name>
					<value><![CDATA[Administration View]]></value>
				</property>
			</properties>
			<accesscontrol/>
		</file>
		<file>
			<destination>system/workplace/admin/captcha</destination>
			<type>folder</type>
			<datelastmodified>Mon, 27 Mar 2006 12:00:00 GMT</datelastmodified>
			<userlastmodified>Admin</userlastmodified>
			<datecreated>Thu, 15 Dec 2005 07:57:21 GMT</datecreated>
			<usercreated>Admin</usercreated>
			<flags>0</flags>
			<properties>
				<property>
					<name>locale-available</name>
					<value><![CDATA[en]]></value>
				</property>
				<property>
					<name>Title</name>
					<value><![CDATA[Configuration for captcha fields of module org.opencms.frontend.templateone.form]]></value>
				</property>
			</properties>
			<accesscontrol/>
		</file>
		<file>
			<source>system/workplace/admin/captcha/light.captchapreset</source>
			<destination>system/workplace/admin/captcha/light.captchapreset</destination>
			<type>xmlcontent</type>
			<uuidresource>a66111ce-7b8f-11da-9858-5b510a4bd4de</uuidresource>
			<datelastmodified>Mon, 27 Mar 2006 12:00:00 GMT</datelastmodified>
			<userlastmodified>Admin</userlastmodified>
			<datecreated>Mon, 02 Jan 2006 12:59:46 GMT</datecreated>
			<usercreated>Admin</usercreated>
			<flags>0</flags>
			<properties>
				<property>
					<name>collector.priority</name>
					<value><![CDATA[2]]></value>
				</property>
				<property>
					<name>Title</name>
					<value><![CDATA[Light]]></value>
				</property>
			</properties>
			<accesscontrol/>
		</file>
		<file>
			<source>system/workplace/admin/captcha/medium.captchapreset</source>
			<destination>system/workplace/admin/captcha/medium.captchapreset</destination>
			<type>xmlcontent</type>
			<uuidresource>0d3c8d5d-7b90-11da-9858-5b510a4bd4de</uuidresource>
			<datelastmodified>Mon, 27 Mar 2006 12:00:00 GMT</datelastmodified>
			<userlastmodified>Admin</userlastmodified>
			<datecreated>Mon, 02 Jan 2006 13:02:38 GMT</datecreated>
			<usercreated>Admin</usercreated>
			<flags>0</flags>
			<properties>
				<property>
					<name>collector.priority</name>
					<value><![CDATA[3]]></value>
				</property>
				<property>
					<name>Title</name>
					<value><![CDATA[Medium]]></value>
				</property>
			</properties>
			<accesscontrol/>
		</file>
		<file>
			<source>system/workplace/admin/captcha/strong.captchapreset</source>
			<destination>system/workplace/admin/captcha/strong.captchapreset</destination>
			<type>xmlcontent</type>
			<uuidresource>e4a16369-7b90-11da-9858-5b510a4bd4de</uuidresource>
			<datelastmodified>Mon, 27 Mar 2006 12:00:00 GMT</datelastmodified>
			<userlastmodified>Admin</userlastmodified>
			<datecreated>Mon, 02 Jan 2006 13:08:40 GMT</datecreated>
			<usercreated>Admin</usercreated>
			<flags>0</flags>
			<properties>
				<property>
					<name>Title</name>
					<value><![CDATA[Strong]]></value>
				</property>
				<property>
					<name>collector.priority</name>
					<value><![CDATA[4]]></value>
				</property>
			</properties>
			<accesscontrol/>
		</file>
		<file>
			<source>system/workplace/admin/captcha/ultralight.captchapreset</source>
			<destination>system/workplace/admin/captcha/ultralight.captchapreset</destination>
			<type>xmlcontent</type>
			<uuidresource>dacd504e-706f-11da-80d4-5b510a4bd4de</uuidresource>
			<datelastmodified>Mon, 27 Mar 2006 12:00:00 GMT</datelastmodified>
			<userlastmodified>Admin</userlastmodified>
			<datecreated>Mon, 19 Dec 2005 09:14:27 GMT</datecreated>
			<usercreated>Admin</usercreated>
			<flags>0</flags>
			<properties>
				<property>
					<name>collector.priority</name>
					<value><![CDATA[1]]></value>
				</property>
				<property>
					<name>Title</name>
					<value><![CDATA[Ultralight]]></value>
				</property>
			</properties>
			<accesscontrol/>
		</file>
		<file>
			<source>system/workplace/admin/captcha/ultrastrong.captchapreset</source>
			<destination>system/workplace/admin/captcha/ultrastrong.captchapreset</destination>
			<type>xmlcontent</type>
			<uuidresource>1658b72b-7b94-11da-bc40-5b510a4bd4de</uuidresource>
			<datelastmodified>Mon, 27 Mar 2006 12:00:00 GMT</datelastmodified>
			<userlastmodified>Admin</userlastmodified>
			<datecreated>Mon, 02 Jan 2006 13:31:32 GMT</datecreated>
			<usercreated>Admin</usercreated>
			<flags>0</flags>
			<properties>
				<property>
					<name>Title</name>
					<value><![CDATA[Ultra strong]]></value>
				</property>
				<property>
					<name>collector.priority</name>
					<value><![CDATA[6]]></value>
				</property>
			</properties>
			<accesscontrol/>
		</file>
		<file>
			<destination>system/workplace/resources</destination>
			<type>folder</type>
			<datelastmodified>Mon, 27 Mar 2006 12:00:00 GMT</datelastmodified>
			<userlastmodified>Admin</userlastmodified>
			<datecreated>Mon, 10 Oct 2005 08:10:10 GMT</datecreated>
			<usercreated>Admin</usercreated>
			<flags>0</flags>
			<properties/>
			<accesscontrol/>
		</file>
		<file>
			<destination>system/workplace/resources/filetypes</destination>
			<type>folder</type>
			<datelastmodified>Mon, 27 Mar 2006 12:00:00 GMT</datelastmodified>
			<userlastmodified>Admin</userlastmodified>
			<datecreated>Mon, 10 Oct 2005 08:10:10 GMT</datecreated>
			<usercreated>Admin</usercreated>
			<flags>0</flags>
			<properties/>
			<accesscontrol/>
		</file>
		<file>
			<source>system/workplace/resources/filetypes/emailform.gif</source>
			<destination>system/workplace/resources/filetypes/emailform.gif</destination>
			<type>image</type>
			<uuidresource>6fb7c8fc-68a8-11d9-97b7-f55bb5376c24</uuidresource>
			<datelastmodified>Mon, 27 Mar 2006 12:00:00 GMT</datelastmodified>
			<userlastmodified>Admin</userlastmodified>
			<datecreated>Mon, 10 Oct 2005 08:10:10 GMT</datecreated>
			<usercreated>Admin</usercreated>
			<flags>0</flags>
			<properties/>
			<accesscontrol/>
		</file>
	</files>
</export>
