<?xml version="1.0" encoding="UTF-8"?>

<export>
	<info>
		<creator>Admin</creator>
		<opencms_version>6.2.0</opencms_version>
		<createdate>Tue, 22 Nov 2005 08:00:00 GMT</createdate>
		<project>Offline</project>
		<export_version>4</export_version>
	</info>
	<module>
		<name>org.opencms.frontend.photoalbum</name>
		<nicename><![CDATA[OpenCms 6 Photo album frontend]]></nicename>
		<group>OpenCms frontend</group>
		<class/>
		<description><![CDATA[<p>Photo album frontend module to create views using OpenCms VFS image galleries.</p>
<p><i>(c) 2006 by Alkacon Software GmbH (http://www.alkacon.com).</i></p>]]></description>
		<version>1.2.0</version>
		<authorname><![CDATA[Alkacon Software GmbH]]></authorname>
		<authoremail><![CDATA[info@alkacon.com]]></authoremail>
		<datecreated/>
		<userinstalled/>
		<dateinstalled/>
		<dependencies/>
		<exportpoints>
			<exportpoint uri="/system/modules/org.opencms.frontend.photoalbum/classes/" destination="WEB-INF/classes/"/>
		</exportpoints>
		<resources>
			<resource uri="/system/modules/org.opencms.frontend.photoalbum/"/>
			<resource uri="/system/workplace/resources/filetypes/photoalbum.gif"/>
		</resources>
		<parameters/>
		<resourcetypes>
			<type class="org.opencms.file.types.CmsResourceTypeXmlContent" name="photoalbum" id="55">
				<properties>
					<property>
						<name>template-elements</name>
						<value type="shared"><![CDATA[/system/modules/org.opencms.frontend.photoalbum/pages/album.html]]></value>
					</property>
				</properties>
				<param name="schema">/system/modules/org.opencms.frontend.photoalbum/schemas/photoalbum.xsd</param>
			</type>
		</resourcetypes>
		<explorertypes>
			<explorertype name="photoalbum" key="fileicon.photoalbum" icon="photoalbum.gif" reference="xmlcontent">
				<newresource page="structurecontent" uri="newresource_xmlcontent.jsp?newresourcetype=photoalbum" order="61"/>
				<accesscontrol>
					<accessentry principal="GROUP.Administrators" permissions="+r+v+w+c"/>
					<accessentry principal="GROUP.Projectmanagers" permissions="+r+v+w+c"/>
					<accessentry principal="GROUP.Users" permissions="+r+v+w+c"/>
				</accesscontrol>
			</explorertype>
		</explorertypes>
	</module>
	<files>
		<file>
			<destination>system</destination>
			<type>folder</type>
			<datelastmodified>Mon, 27 Mar 2006 12:00:00 GMT</datelastmodified>
			<userlastmodified>Admin</userlastmodified>
			<datecreated>Tue, 08 Nov 2005 09:35:02 GMT</datecreated>
			<usercreated>Admin</usercreated>
			<flags>0</flags>
			<properties/>
			<accesscontrol>
				<accessentry>
					<uuidprincipal>GROUP.Users</uuidprincipal>
					<flags>34</flags>
					<permissionset>
						<allowed>1</allowed>
						<denied>0</denied>
					</permissionset>
				</accessentry>
			</accesscontrol>
		</file>
		<file>
			<destination>system/modules</destination>
			<type>folder</type>
			<datelastmodified>Mon, 27 Mar 2006 12:00:00 GMT</datelastmodified>
			<userlastmodified>Admin</userlastmodified>
			<datecreated>Mon, 27 Jun 2005 08:00:00 GMT</datecreated>
			<usercreated>Admin</usercreated>
			<flags>0</flags>
			<properties/>
			<accesscontrol/>
		</file>
		<file>
			<destination>system/modules/org.opencms.frontend.photoalbum</destination>
			<type>folder</type>
			<datelastmodified>Mon, 27 Mar 2006 12:00:00 GMT</datelastmodified>
			<userlastmodified>Admin</userlastmodified>
			<datecreated>Mon, 21 Nov 2005 14:09:36 GMT</datecreated>
			<usercreated>Admin</usercreated>
			<flags>0</flags>
			<properties/>
			<accesscontrol/>
		</file>
		<file>
			<destination>system/modules/org.opencms.frontend.photoalbum/classes</destination>
			<type>folder</type>
			<datelastmodified>Mon, 27 Mar 2006 12:00:00 GMT</datelastmodified>
			<userlastmodified>Admin</userlastmodified>
			<datecreated>Mon, 21 Nov 2005 14:09:36 GMT</datecreated>
			<usercreated>Admin</usercreated>
			<flags>0</flags>
			<properties/>
			<accesscontrol/>
		</file>
		<file>
			<destination>system/modules/org.opencms.frontend.photoalbum/classes/org</destination>
			<type>folder</type>
			<datelastmodified>Mon, 27 Mar 2006 12:00:00 GMT</datelastmodified>
			<userlastmodified>Admin</userlastmodified>
			<datecreated>Mon, 21 Nov 2005 14:09:36 GMT</datecreated>
			<usercreated>Admin</usercreated>
			<flags>0</flags>
			<properties/>
			<accesscontrol/>
		</file>
		<file>
			<destination>system/modules/org.opencms.frontend.photoalbum/classes/org/opencms</destination>
			<type>folder</type>
			<datelastmodified>Mon, 27 Mar 2006 12:00:00 GMT</datelastmodified>
			<userlastmodified>Admin</userlastmodified>
			<datecreated>Mon, 21 Nov 2005 14:09:36 GMT</datecreated>
			<usercreated>Admin</usercreated>
			<flags>0</flags>
			<properties/>
			<accesscontrol/>
		</file>
		<file>
			<destination>system/modules/org.opencms.frontend.photoalbum/classes/org/opencms/frontend</destination>
			<type>folder</type>
			<datelastmodified>Mon, 27 Mar 2006 12:00:00 GMT</datelastmodified>
			<userlastmodified>Admin</userlastmodified>
			<datecreated>Mon, 21 Nov 2005 14:09:36 GMT</datecreated>
			<usercreated>Admin</usercreated>
			<flags>0</flags>
			<properties/>
			<accesscontrol/>
		</file>
		<file>
			<destination>system/modules/org.opencms.frontend.photoalbum/classes/org/opencms/frontend/photoalbum</destination>
			<type>folder</type>
			<datelastmodified>Mon, 27 Mar 2006 12:00:00 GMT</datelastmodified>
			<userlastmodified>Admin</userlastmodified>
			<datecreated>Mon, 21 Nov 2005 14:09:50 GMT</datecreated>
			<usercreated>Admin</usercreated>
			<flags>0</flags>
			<properties/>
			<accesscontrol/>
		</file>
		<file>
			<source>system/modules/org.opencms.frontend.photoalbum/classes/org/opencms/frontend/photoalbum/messages_de.properties</source>
			<destination>system/modules/org.opencms.frontend.photoalbum/classes/org/opencms/frontend/photoalbum/messages_de.properties</destination>
			<type>plain</type>
			<uuidresource>a845c6ae-5515-11da-baff-3328c6d3b865</uuidresource>
			<datelastmodified>Mon, 27 Mar 2006 12:00:00 GMT</datelastmodified>
			<userlastmodified>Admin</userlastmodified>
			<datecreated>Mon, 14 Nov 2005 13:50:46 GMT</datecreated>
			<usercreated>Admin</usercreated>
			<flags>0</flags>
			<properties/>
			<accesscontrol/>
		</file>
		<file>
			<source>system/modules/org.opencms.frontend.photoalbum/classes/org/opencms/frontend/photoalbum/workplace.properties</source>
			<destination>system/modules/org.opencms.frontend.photoalbum/classes/org/opencms/frontend/photoalbum/workplace.properties</destination>
			<type>plain</type>
			<uuidresource>ffa1b5fb-5137-11da-a3c8-3328c6d3b865</uuidresource>
			<datelastmodified>Mon, 27 Mar 2006 12:00:00 GMT</datelastmodified>
			<userlastmodified>Admin</userlastmodified>
			<datecreated>Wed, 09 Nov 2005 15:46:31 GMT</datecreated>
			<usercreated>Admin</usercreated>
			<flags>0</flags>
			<properties/>
			<accesscontrol/>
		</file>
		<file>
			<source>system/modules/org.opencms.frontend.photoalbum/classes/org/opencms/frontend/photoalbum/workplace_de.properties</source>
			<destination>system/modules/org.opencms.frontend.photoalbum/classes/org/opencms/frontend/photoalbum/workplace_de.properties</destination>
			<type>plain</type>
			<uuidresource>70998908-5522-11da-ae1e-3328c6d3b865</uuidresource>
			<datelastmodified>Mon, 27 Mar 2006 12:00:00 GMT</datelastmodified>
			<userlastmodified>Admin</userlastmodified>
			<datecreated>Mon, 14 Nov 2005 15:22:16 GMT</datecreated>
			<usercreated>Admin</usercreated>
			<flags>0</flags>
			<properties/>
			<accesscontrol/>
		</file>
		<file>
			<destination>system/modules/org.opencms.frontend.photoalbum/classes/org/opencms/frontend/photoalbum/workplace_en.properties</destination>
			<type>plain</type>
			<uuidresource>ffa1b5fb-5137-11da-a3c8-3328c6d3b865</uuidresource>
			<datelastmodified>Mon, 27 Mar 2006 12:00:00 GMT</datelastmodified>
			<userlastmodified>Admin</userlastmodified>
			<datecreated>Wed, 09 Nov 2005 15:46:31 GMT</datecreated>
			<usercreated>Admin</usercreated>
			<flags>0</flags>
			<properties/>
			<accesscontrol/>
		</file>
		<file>
			<destination>system/modules/org.opencms.frontend.photoalbum/pages</destination>
			<type>folder</type>
			<datelastmodified>Mon, 27 Mar 2006 12:00:00 GMT</datelastmodified>
			<userlastmodified>Admin</userlastmodified>
			<datecreated>Mon, 21 Nov 2005 14:09:36 GMT</datecreated>
			<usercreated>Admin</usercreated>
			<flags>0</flags>
			<properties/>
			<accesscontrol/>
		</file>
		<file>
			<source>system/modules/org.opencms.frontend.photoalbum/pages/album.html</source>
			<destination>system/modules/org.opencms.frontend.photoalbum/pages/album.html</destination>
			<type>jsp</type>
			<uuidresource>3d628cea-52c3-11da-9218-3328c6d3b865</uuidresource>
			<datelastmodified>Mon, 27 Mar 2006 12:00:00 GMT</datelastmodified>
			<userlastmodified>Admin</userlastmodified>
			<datecreated>Fri, 11 Nov 2005 14:55:46 GMT</datecreated>
			<usercreated>Admin</usercreated>
			<flags>0</flags>
			<properties>
				<property>
					<name>cache</name>
					<value><![CDATA[uri;params=(action,thumbpage,image)]]></value>
				</property>
				<property type="shared">
					<name>export</name>
					<value><![CDATA[false]]></value>
				</property>
				<property>
					<name>Title</name>
					<value><![CDATA[Photo album page]]></value>
				</property>
			</properties>
			<accesscontrol/>
		</file>
		<file>
			<destination>system/modules/org.opencms.frontend.photoalbum/resources</destination>
			<type>folder</type>
			<datelastmodified>Mon, 27 Mar 2006 12:00:00 GMT</datelastmodified>
			<userlastmodified>Admin</userlastmodified>
			<datecreated>Mon, 21 Nov 2005 14:09:36 GMT</datecreated>
			<usercreated>Admin</usercreated>
			<flags>0</flags>
			<properties>
				<property>
					<name>export</name>
					<value><![CDATA[true]]></value>
				</property>
				<property>
					<name>exportname</name>
					<value><![CDATA[/photoalbum/resources/]]></value>
				</property>
			</properties>
			<accesscontrol/>
		</file>
		<file>
			<source>system/modules/org.opencms.frontend.photoalbum/resources/photoalbum.css</source>
			<destination>system/modules/org.opencms.frontend.photoalbum/resources/photoalbum.css</destination>
			<type>plain</type>
			<uuidresource>33ea2283-5a95-11da-b4c1-3328c6d3b865</uuidresource>
			<datelastmodified>Mon, 27 Mar 2006 12:00:00 GMT</datelastmodified>
			<userlastmodified>Admin</userlastmodified>
			<datecreated>Mon, 21 Nov 2005 13:46:22 GMT</datecreated>
			<usercreated>Admin</usercreated>
			<flags>0</flags>
			<properties>
				<property>
					<name>Title</name>
					<value><![CDATA[CSS style sheet]]></value>
				</property>
			</properties>
			<accesscontrol/>
		</file>
		<file>
			<destination>system/modules/org.opencms.frontend.photoalbum/schemas</destination>
			<type>folder</type>
			<datelastmodified>Mon, 27 Mar 2006 12:00:00 GMT</datelastmodified>
			<userlastmodified>Admin</userlastmodified>
			<datecreated>Mon, 21 Nov 2005 14:09:36 GMT</datecreated>
			<usercreated>Admin</usercreated>
			<flags>0</flags>
			<properties/>
			<accesscontrol/>
		</file>
		<file>
			<source>system/modules/org.opencms.frontend.photoalbum/schemas/detail.xsd</source>
			<destination>system/modules/org.opencms.frontend.photoalbum/schemas/detail.xsd</destination>
			<type>plain</type>
			<uuidresource>359194ea-5114-11da-a3c8-3328c6d3b865</uuidresource>
			<datelastmodified>Mon, 27 Mar 2006 12:00:00 GMT</datelastmodified>
			<userlastmodified>Admin</userlastmodified>
			<datecreated>Wed, 09 Nov 2005 11:30:20 GMT</datecreated>
			<usercreated>Admin</usercreated>
			<flags>0</flags>
			<properties>
				<property>
					<name>Title</name>
					<value><![CDATA[Nested XSD for detail configuration]]></value>
				</property>
			</properties>
			<accesscontrol/>
		</file>
		<file>
			<source>system/modules/org.opencms.frontend.photoalbum/schemas/overview.xsd</source>
			<destination>system/modules/org.opencms.frontend.photoalbum/schemas/overview.xsd</destination>
			<type>plain</type>
			<uuidresource>2a3b8336-5114-11da-a3c8-3328c6d3b865</uuidresource>
			<datelastmodified>Mon, 27 Mar 2006 12:00:00 GMT</datelastmodified>
			<userlastmodified>Admin</userlastmodified>
			<datecreated>Wed, 09 Nov 2005 11:30:01 GMT</datecreated>
			<usercreated>Admin</usercreated>
			<flags>0</flags>
			<properties>
				<property>
					<name>Title</name>
					<value><![CDATA[Nested XSD for overview configuration]]></value>
				</property>
			</properties>
			<accesscontrol/>
		</file>
		<file>
			<source>system/modules/org.opencms.frontend.photoalbum/schemas/photoalbum.xsd</source>
			<destination>system/modules/org.opencms.frontend.photoalbum/schemas/photoalbum.xsd</destination>
			<type>plain</type>
			<uuidresource>edb10202-5113-11da-a3c8-3328c6d3b865</uuidresource>
			<datelastmodified>Mon, 27 Mar 2006 12:00:00 GMT</datelastmodified>
			<userlastmodified>Admin</userlastmodified>
			<datecreated>Wed, 09 Nov 2005 11:28:19 GMT</datecreated>
			<usercreated>Admin</usercreated>
			<flags>0</flags>
			<properties>
				<property>
					<name>Title</name>
					<value><![CDATA[XSD to configure photo albums]]></value>
				</property>
			</properties>
			<accesscontrol/>
		</file>
		<file>
			<destination>system/workplace</destination>
			<type>folder</type>
			<datelastmodified>Mon, 27 Mar 2006 12:00:00 GMT</datelastmodified>
			<userlastmodified>Admin</userlastmodified>
			<datecreated>Mon, 27 Jun 2005 08:00:00 GMT</datecreated>
			<usercreated>Admin</usercreated>
			<flags>0</flags>
			<properties>
				<property>
					<name>content-encoding</name>
					<value><![CDATA[UTF-8]]></value>
				</property>
				<property>
					<name>export</name>
					<value><![CDATA[false]]></value>
				</property>
				<property>
					<name>login-form</name>
					<value><![CDATA[/system/login/index.html]]></value>
				</property>
			</properties>
			<accesscontrol>
				<accessentry>
					<uuidprincipal>GROUP.Guests</uuidprincipal>
					<flags>38</flags>
					<permissionset>
						<allowed>0</allowed>
						<denied>30</denied>
					</permissionset>
				</accessentry>
			</accesscontrol>
		</file>
		<file>
			<destination>system/workplace/resources</destination>
			<type>folder</type>
			<datelastmodified>Mon, 27 Mar 2006 12:00:00 GMT</datelastmodified>
			<userlastmodified>Admin</userlastmodified>
			<datecreated>Mon, 27 Jun 2005 08:00:00 GMT</datecreated>
			<usercreated>Admin</usercreated>
			<flags>0</flags>
			<properties/>
			<accesscontrol/>
		</file>
		<file>
			<destination>system/workplace/resources/filetypes</destination>
			<type>folder</type>
			<datelastmodified>Mon, 27 Mar 2006 12:00:00 GMT</datelastmodified>
			<userlastmodified>Admin</userlastmodified>
			<datecreated>Mon, 27 Jun 2005 08:00:00 GMT</datecreated>
			<usercreated>Admin</usercreated>
			<flags>0</flags>
			<properties/>
			<accesscontrol/>
		</file>
		<file>
			<source>system/workplace/resources/filetypes/photoalbum.gif</source>
			<destination>system/workplace/resources/filetypes/photoalbum.gif</destination>
			<type>image</type>
			<uuidresource>43bf7413-5143-11da-a180-3328c6d3b865</uuidresource>
			<datelastmodified>Mon, 27 Mar 2006 12:00:00 GMT</datelastmodified>
			<userlastmodified>Admin</userlastmodified>
			<datecreated>Wed, 09 Nov 2005 17:07:10 GMT</datecreated>
			<usercreated>Admin</usercreated>
			<flags>0</flags>
			<properties/>
			<accesscontrol/>
		</file>
	</files>
</export>
