<?xml version="1.0" encoding="UTF-8"?>
<gamvanclub-configuration>

	<club-search>
	<searchIndexPath>E:\club.gamvan.com\club\search</searchIndexPath>
	<searchCreateIndex>true</searchCreateIndex>
	<searchMaxTopicID>0</searchMaxTopicID>
	<searchScheduleHour>0</searchScheduleHour>
	</club-search>
	
	<club-page>
	<pageFilePath>E:\club.gamvan.com\club\pages</pageFilePath> 
	<pageFileExt>html</pageFileExt>
	<pageMaxTopicID>0</pageMaxTopicID>
	
	<intervalHour_home>-2</intervalHour_home> 
	<intervalHour_list>-2</intervalHour_list>
	<intervalHour_page>-2</intervalHour_page>
	
	<pageScheduleHour>3</pageScheduleHour>
	<pageIntervalHour>3</pageIntervalHour>

	</club-page>

</gamvanclub-configuration>
