<!DOCTYPE hibernate-configuration PUBLIC
	"-//Hibernate/Hibernate Configuration DTD 3.0//EN"
	"http://hibernate.sourceforge.net/hibernate-configuration-3.0.dtd">

<hibernate-configuration>

<session-factory>

<property name="hibernate.generate_statistics">true</property>
<property name="hibernate.cache.use_structured_entries">true</property>
<property name="hibernate.cache.use_query_cache">true</property>
<property name="hibernate.cache.provider_class">org.hibernate.cache.OSCacheProvider</property>
<property name="hibernate.cache.user_minimal_puts">true</property>
<property name="org.hibernate.cache">true</property>

 
<!-- Connection SQL Server 2000 
<property name="connection.driver_class">net.sourceforge.jtds.jdbc.Driver</property> 
<property name="dialect">org.hibernate.dialect.SQLServerDialect</property>
<property name="connection.url">
jdbc:jtds:sqlserver://127.0.0.1:1433;DatabaseName=GamVanClubV3;
</property> 
<property name="connection.username">sa</property> 
<property name="connection.password">123</property> 
-->
 
<!-- Datasource Start -->
<property name="connection.datasource">java:comp/env/JNDI/gamvan</property>
<property name="show_sql">false</property>
<property name="dialect">org.hibernate.dialect.SQLServerDialect</property>
<!-- Datasource END -->

  
 
<!-- Connection MySQL 4.1  -->
<!--
<property name="dialect">org.hibernate.dialect.MySQLDialect</property>
<property name="connection.driver_class">org.gjt.mm.mysql.Driver</property>
<property name="connection.username">root</property>
<property name="connection.password">123</property> 
<property name="connection.url">
jdbc:mysql://localhost:3306/gvclub_gamvan?characterEncoding=UTF-8
</property> 
 -->
<property name="hibernate.show_sql">true</property>
<mapping resource="com/gamvan/club/item/ClubTopicReItem.hbm.xml" />
<mapping resource="com/gamvan/club/item/ClubContentReItem.hbm.xml" />
<mapping resource="com/gamvan/club/item/ClubBusinessItem.hbm.xml" />
<mapping resource="com/gamvan/club/item/ClubSafeFilesInfoItem.hbm.xml" /> 
<mapping resource="com/gamvan/club/item/ClubSafeFileItem.hbm.xml" /> 
<mapping resource="com/gamvan/club/item/ClubAfficheItem.hbm.xml" /> 
<mapping resource="com/gamvan/club/item/ClubCounterItem.hbm.xml" /> 
<mapping resource="com/gamvan/club/item/ClubClassItem.hbm.xml" /> 
<mapping resource="com/gamvan/club/item/ClubInfoItem.hbm.xml" /> 
<mapping resource="com/gamvan/club/item/ClubTopicItem.hbm.xml" />
<mapping resource="com/gamvan/club/item/ClubContentItem.hbm.xml" />
<mapping resource="com/gamvan/club/item/ClubTopicReUsersItem.hbm.xml" /> 
<mapping resource="com/gamvan/club/item/ClubTopicTypeItem.hbm.xml" /> 
<mapping resource="com/gamvan/club/item/ClubTopicLogItem.hbm.xml" /> 
<mapping resource="com/gamvan/club/item/ClubTopicIlikeItem.hbm.xml" />
<mapping resource="com/gamvan/club/item/ClubFriendsItem.hbm.xml" /> 
<mapping resource="com/gamvan/club/item/ClubUpfilesItem.hbm.xml" /> 
<mapping resource="com/gamvan/club/item/ClubAdItem.hbm.xml" /> 
<mapping resource="com/gamvan/club/item/ClubRuleItem.hbm.xml" /> 
<mapping resource="com/gamvan/club/item/ClubMasterItem.hbm.xml" /> 
<mapping resource="com/gamvan/club/item/ClubMasterGradeItem.hbm.xml" /> 
<mapping resource="com/gamvan/club/item/ClubMessageSendItem.hbm.xml" /> 
<mapping resource="com/gamvan/club/item/ClubMessageTakeItem.hbm.xml" /> 
<mapping resource="com/gamvan/club/item/GroupItem.hbm.xml" /> 
<mapping resource="com/gamvan/club/item/ClubOnlineItem.hbm.xml" />
<mapping resource="com/gamvan/club/item/ClubUserItem.hbm.xml" /> 	
<mapping resource="com/gamvan/club/item/ClubUserGradeItem.hbm.xml" /> 
<mapping resource="com/gamvan/club/item/ClubUseropItem.hbm.xml" /> 
<mapping resource="com/gamvan/club/item/ClubBlackItem.hbm.xml" /> 
<mapping resource="com/gamvan/club/item/ClubStringReplaceItem.hbm.xml" /> 

</session-factory>
</hibernate-configuration>