<?xml version="1.0" encoding="UTF-8"?>

<export>
	<info>
		<creator>Admin</creator>
		<opencms_version>6.2.0</opencms_version>
		<createdate>Mon, 27 Jun 2005 08:00:00 GMT</createdate>
		<project>Offline</project>
		<export_version>4</export_version>
	</info>
	<module>
		<name>org.opencms.editors</name>
		<nicename><![CDATA[OpenCms 6 Common editors]]></nicename>
		<group>OpenCms Editors</group>
		<class/>
		<description><![CDATA[
<p>This module contains the OpenCms Common Editing tools.</p>
<p>This module is needed to be able to edit files in the OpenCms Workplace.</p>
<p><i>(c) 2006 by Alkacon Software GmbH (http://www.alkacon.com).</i></p>
]]></description>
		<version>1.2.1</version>
		<authorname><![CDATA[Alkacon Software GmbH]]></authorname>
		<authoremail><![CDATA[info@alkacon.com]]></authoremail>
		<datecreated>Mon, 27 Jun 2005 08:00:00 GMT</datecreated>
		<userinstalled/>
		<dateinstalled/>
		<dependencies>
			<dependency name="org.opencms.workplace" version="1.0.0"/>
		</dependencies>
		<exportpoints/>
		<resources>
			<resource uri="/system/workplace/editors/direct_edit.jsp"/>
			<resource uri="/system/workplace/editors/editor.jsp"/>
			<resource uri="/system/workplace/editors/editor_close.jsp"/>
			<resource uri="/system/workplace/editors/editor_main.jsp"/>
			<resource uri="/system/workplace/editors/configuration/"/>
			<resource uri="/system/workplace/editors/dialogs/"/>
			<resource uri="/system/workplace/editors/simple/"/>
			<resource uri="/system/workplace/editors/simplehtml/"/>
			<resource uri="/system/workplace/editors/xmlcontent/"/>
			<resource uri="/system/workplace/resources/buttons/anchor.png"/>
			<resource uri="/system/workplace/resources/buttons/bold.png"/>
			<resource uri="/system/workplace/resources/buttons/bullist.png"/>
			<resource uri="/system/workplace/resources/buttons/center.png"/>
			<resource uri="/system/workplace/resources/buttons/cleanup.png"/>
			<resource uri="/system/workplace/resources/buttons/color_fill.png"/>
			<resource uri="/system/workplace/resources/buttons/color_text.png"/>
			<resource uri="/system/workplace/resources/buttons/copy.png"/>
			<resource uri="/system/workplace/resources/buttons/cut.png"/>
			<resource uri="/system/workplace/resources/buttons/details.png"/>
			<resource uri="/system/workplace/resources/buttons/directedit_cl.png"/>
			<resource uri="/system/workplace/resources/buttons/directedit_in.png"/>
			<resource uri="/system/workplace/resources/buttons/directedit_op.png"/>
			<resource uri="/system/workplace/resources/buttons/editorsearch.png"/>
			<resource uri="/system/workplace/resources/buttons/elements.png"/>
			<resource uri="/system/workplace/resources/buttons/elements_in.png"/>
			<resource uri="/system/workplace/resources/buttons/erase.png"/>
			<resource uri="/system/workplace/resources/buttons/exit.png"/>
			<resource uri="/system/workplace/resources/buttons/image.png"/>
			<resource uri="/system/workplace/resources/buttons/indent.png"/>
			<resource uri="/system/workplace/resources/buttons/italic.png"/>
			<resource uri="/system/workplace/resources/buttons/left.png"/>
			<resource uri="/system/workplace/resources/buttons/link.png"/>
			<resource uri="/system/workplace/resources/buttons/numlist.png"/>
			<resource uri="/system/workplace/resources/buttons/outdent.png"/>
			<resource uri="/system/workplace/resources/buttons/paste.png"/>
			<resource uri="/system/workplace/resources/buttons/properties.png"/>
			<resource uri="/system/workplace/resources/buttons/properties_in.png"/>
			<resource uri="/system/workplace/resources/buttons/redo.png"/>
			<resource uri="/system/workplace/resources/buttons/right.png"/>
			<resource uri="/system/workplace/resources/buttons/save.png"/>
			<resource uri="/system/workplace/resources/buttons/save_exit.png"/>
			<resource uri="/system/workplace/resources/buttons/specialchar.png"/>
			<resource uri="/system/workplace/resources/buttons/table.png"/>
			<resource uri="/system/workplace/resources/buttons/table_td.png"/>
			<resource uri="/system/workplace/resources/buttons/table_tr.png"/>
			<resource uri="/system/workplace/resources/buttons/underline.png"/>
			<resource uri="/system/workplace/resources/buttons/undo.png"/>
			<resource uri="/system/workplace/resources/buttons/xmledit.png"/>
			<resource uri="/system/workplace/resources/buttons/xmledit_add.png"/>
			<resource uri="/system/workplace/resources/buttons/xmledit_del.png"/>
			<resource uri="/system/workplace/resources/buttons/xmledit_del_add.png"/>
			<resource uri="/system/workplace/resources/editors/simple/" />
			<resource uri="/system/workplace/resources/editors/simplehtml/" />
			<resource uri="/system/workplace/resources/editors/xmlcontent/" />
		</resources>
		<parameters/>
	</module>
	<files>
		<file>
			<destination>system</destination>
			<type>folder</type>
			<datelastmodified>Mon, 27 Mar 2006 12:00:00 GMT</datelastmodified>
			<userlastmodified>Admin</userlastmodified>
			<datecreated>Mon, 27 Jun 2005 08:00:00 GMT</datecreated>
			<usercreated>Admin</usercreated>
			<flags>0</flags>
			<properties/>
			<accesscontrol/>
		</file>
		<file>
			<destination>system/workplace</destination>
			<type>folder</type>
			<datelastmodified>Mon, 27 Mar 2006 12:00:00 GMT</datelastmodified>
			<userlastmodified>Admin</userlastmodified>
			<datecreated>Mon, 27 Jun 2005 08:00:00 GMT</datecreated>
			<usercreated>Admin</usercreated>
			<flags>0</flags>
			<properties>
				<property>
					<name>content-encoding</name>
					<value><![CDATA[UTF-8]]></value>
				</property>
				<property>
					<name>export</name>
					<value><![CDATA[false]]></value>
				</property>
			</properties>
			<accesscontrol>
				<accessentry>
					<uuidprincipal>GROUP.Guests</uuidprincipal>
					<flags>38</flags>
					<permissionset>
						<allowed>0</allowed>
						<denied>30</denied>
					</permissionset>
				</accessentry>
			</accesscontrol>
		</file>
		<file>
			<destination>system/workplace/editors</destination>
			<type>folder</type>
			<datelastmodified>Mon, 27 Mar 2006 12:00:00 GMT</datelastmodified>
			<userlastmodified>Admin</userlastmodified>
			<datecreated>Mon, 27 Jun 2005 08:00:00 GMT</datecreated>
			<usercreated>Admin</usercreated>
			<flags>0</flags>
			<properties>
				<property>
					<name>cache</name>
					<value><![CDATA[false]]></value>
				</property>
			</properties>
			<accesscontrol/>
		</file>
		<file>
			<source>system/workplace/editors/direct_edit.jsp</source>
			<destination>system/workplace/editors/direct_edit.jsp</destination>
			<type>jsp</type>
			<uuidresource>60557f49-f052-11d8-ba65-db38cc8f19d7</uuidresource>
			<datelastmodified>Mon, 27 Mar 2006 12:00:00 GMT</datelastmodified>
			<userlastmodified>Admin</userlastmodified>
			<datecreated>Mon, 27 Jun 2005 08:00:00 GMT</datecreated>
			<usercreated>Admin</usercreated>
			<flags>0</flags>
			<properties>
				<property>
					<name>export</name>
					<value><![CDATA[false]]></value>
				</property>
				<property>
					<name>Title</name>
					<value><![CDATA[Direct editing area]]></value>
				</property>
			</properties>
			<accesscontrol/>
		</file>
		<file>
			<source>system/workplace/editors/editor.jsp</source>
			<destination>system/workplace/editors/editor.jsp</destination>
			<type>jsp</type>
			<uuidresource>605ef52d-f052-11d8-ba65-db38cc8f19d7</uuidresource>
			<datelastmodified>Mon, 27 Mar 2006 12:00:00 GMT</datelastmodified>
			<userlastmodified>Admin</userlastmodified>
			<datecreated>Mon, 27 Jun 2005 08:00:00 GMT</datecreated>
			<usercreated>Admin</usercreated>
			<flags>0</flags>
			<properties>
				<property>
					<name>export</name>
					<value><![CDATA[false]]></value>
				</property>
				<property>
					<name>Title</name>
					<value><![CDATA[Editor frameset]]></value>
				</property>
			</properties>
			<accesscontrol/>
		</file>
		<file>
			<source>system/workplace/editors/editor_close.jsp</source>
			<destination>system/workplace/editors/editor_close.jsp</destination>
			<type>jsp</type>
			<uuidresource>60689221-f052-11d8-ba65-db38cc8f19d7</uuidresource>
			<datelastmodified>Mon, 27 Mar 2006 12:00:00 GMT</datelastmodified>
			<userlastmodified>Admin</userlastmodified>
			<datecreated>Mon, 27 Jun 2005 08:00:00 GMT</datecreated>
			<usercreated>Admin</usercreated>
			<flags>0</flags>
			<properties>
				<property>
					<name>export</name>
					<value><![CDATA[false]]></value>
				</property>
				<property>
					<name>Title</name>
					<value><![CDATA[Close editor frame]]></value>
				</property>
			</properties>
			<accesscontrol/>
		</file>
		<file>
			<source>system/workplace/editors/editor_main.jsp</source>
			<destination>system/workplace/editors/editor_main.jsp</destination>
			<type>jsp</type>
			<uuidresource>60747905-f052-11d8-ba65-db38cc8f19d7</uuidresource>
			<datelastmodified>Mon, 27 Mar 2006 12:00:00 GMT</datelastmodified>
			<userlastmodified>Admin</userlastmodified>
			<datecreated>Mon, 27 Jun 2005 08:00:00 GMT</datecreated>
			<usercreated>Admin</usercreated>
			<flags>0</flags>
			<properties>
				<property>
					<name>export</name>
					<value><![CDATA[false]]></value>
				</property>
				<property>
					<name>Title</name>
					<value><![CDATA[Main editor frame]]></value>
				</property>
			</properties>
			<accesscontrol/>
		</file>
		<file>
			<destination>system/workplace/editors/configuration</destination>
			<type>folder</type>
			<datelastmodified>Mon, 27 Mar 2006 12:00:00 GMT</datelastmodified>
			<userlastmodified>Admin</userlastmodified>
			<datecreated>Mon, 27 Jun 2005 08:00:00 GMT</datecreated>
			<usercreated>Admin</usercreated>
			<flags>0</flags>
			<properties>
				<property>
					<name>Title</name>
					<value><![CDATA[Editor display options]]></value>
				</property>
			</properties>
			<accesscontrol/>
		</file>
		<file>
			<source>system/workplace/editors/configuration/options_all</source>
			<destination>system/workplace/editors/configuration/options_all</destination>
			<type>plain</type>
			<uuidresource>f8154f42-f667-11d8-ab4d-5f9047d04fcf</uuidresource>
			<datelastmodified>Mon, 27 Mar 2006 12:00:00 GMT</datelastmodified>
			<userlastmodified>Admin</userlastmodified>
			<datecreated>Mon, 27 Jun 2005 08:00:00 GMT</datecreated>
			<usercreated>Admin</usercreated>
			<flags>0</flags>
			<properties>
				<property>
					<name>NavPos</name>
					<value><![CDATA[20]]></value>
				</property>
				<property>
					<name>Title</name>
					<value><![CDATA[Common options enabled]]></value>
				</property>
			</properties>
			<accesscontrol/>
		</file>
		<file>
			<source>system/workplace/editors/configuration/options_extended</source>
			<destination>system/workplace/editors/configuration/options_extended</destination>
			<type>plain</type>
			<uuidresource>95d3584f-f75b-11d8-8ca3-5f9047d04fcf</uuidresource>
			<datelastmodified>Mon, 27 Mar 2006 12:00:00 GMT</datelastmodified>
			<userlastmodified>Admin</userlastmodified>
			<datecreated>Mon, 27 Jun 2005 08:00:00 GMT</datecreated>
			<usercreated>Admin</usercreated>
			<flags>0</flags>
			<properties>
				<property>
					<name>NavPos</name>
					<value><![CDATA[10]]></value>
				</property>
				<property>
					<name>Title</name>
					<value><![CDATA[Most options enabled]]></value>
				</property>
			</properties>
			<accesscontrol>
				<accessentry>
					<uuidprincipal>GROUP.Users</uuidprincipal>
					<flags>36</flags>
					<permissionset>
						<allowed>0</allowed>
						<denied>0</denied>
					</permissionset>
				</accessentry>
			</accesscontrol>
		</file>
		<file>
			<destination>system/workplace/editors/dialogs</destination>
			<type>folder</type>
			<datelastmodified>Mon, 27 Mar 2006 12:00:00 GMT</datelastmodified>
			<userlastmodified>Admin</userlastmodified>
			<datecreated>Mon, 27 Jun 2005 08:00:00 GMT</datecreated>
			<usercreated>Admin</usercreated>
			<flags>0</flags>
			<properties>
				<property>
					<name>Title</name>
					<value><![CDATA[Editor dialogs]]></value>
				</property>
			</properties>
			<accesscontrol/>
		</file>
		<file>
			<source>system/workplace/editors/dialogs/anchor.jsp</source>
			<destination>system/workplace/editors/dialogs/anchor.jsp</destination>
			<type>jsp</type>
			<uuidresource>5f2bf3fa-f052-11d8-ba65-db38cc8f19d7</uuidresource>
			<datelastmodified>Mon, 27 Mar 2006 12:00:00 GMT</datelastmodified>
			<userlastmodified>Admin</userlastmodified>
			<datecreated>Mon, 27 Jun 2005 08:00:00 GMT</datecreated>
			<usercreated>Admin</usercreated>
			<flags>0</flags>
			<properties>
				<property>
					<name>export</name>
					<value><![CDATA[false]]></value>
				</property>
				<property>
					<name>Title</name>
					<value><![CDATA[Page anchor insertion dialog]]></value>
				</property>
			</properties>
			<accesscontrol/>
		</file>
		<file>
			<source>system/workplace/editors/dialogs/elements.jsp</source>
			<destination>system/workplace/editors/dialogs/elements.jsp</destination>
			<type>jsp</type>
			<uuidresource>5f43c1c2-f052-11d8-ba65-db38cc8f19d7</uuidresource>
			<datelastmodified>Mon, 27 Mar 2006 12:00:00 GMT</datelastmodified>
			<userlastmodified>Admin</userlastmodified>
			<datecreated>Mon, 27 Jun 2005 08:00:00 GMT</datecreated>
			<usercreated>Admin</usercreated>
			<flags>0</flags>
			<properties>
				<property>
					<name>export</name>
					<value><![CDATA[false]]></value>
				</property>
				<property>
					<name>Title</name>
					<value><![CDATA[Element activation dialog]]></value>
				</property>
			</properties>
			<accesscontrol/>
		</file>
		<file>
			<source>system/workplace/editors/dialogs/link.jsp</source>
			<destination>system/workplace/editors/dialogs/link.jsp</destination>
			<type>jsp</type>
			<uuidresource>e26c0a72-f054-11d8-ba65-db38cc8f19d7</uuidresource>
			<datelastmodified>Mon, 27 Mar 2006 12:00:00 GMT</datelastmodified>
			<userlastmodified>Admin</userlastmodified>
			<datecreated>Mon, 27 Jun 2005 08:00:00 GMT</datecreated>
			<usercreated>Admin</usercreated>
			<flags>0</flags>
			<properties>
				<property>
					<name>export</name>
					<value><![CDATA[false]]></value>
				</property>
				<property>
					<name>Title</name>
					<value><![CDATA[Page link insertion dialog]]></value>
				</property>
			</properties>
			<accesscontrol/>
		</file>
		<file>
			<source>system/workplace/editors/dialogs/property.jsp</source>
			<destination>system/workplace/editors/dialogs/property.jsp</destination>
			<type>jsp</type>
			<uuidresource>5f5dd97a-f052-11d8-ba65-db38cc8f19d7</uuidresource>
			<datelastmodified>Mon, 27 Mar 2006 12:00:00 GMT</datelastmodified>
			<userlastmodified>Admin</userlastmodified>
			<datecreated>Mon, 27 Jun 2005 08:00:00 GMT</datecreated>
			<usercreated>Admin</usercreated>
			<flags>0</flags>
			<properties>
				<property>
					<name>export</name>
					<value><![CDATA[false]]></value>
				</property>
				<property>
					<name>Title</name>
					<value><![CDATA[Page properties dialog]]></value>
				</property>
			</properties>
			<accesscontrol/>
		</file>
		<file>
			<source>system/workplace/editors/dialogs/specialchars.jsp</source>
			<destination>system/workplace/editors/dialogs/specialchars.jsp</destination>
			<type>jsp</type>
			<uuidresource>5f69c05e-f052-11d8-ba65-db38cc8f19d7</uuidresource>
			<datelastmodified>Mon, 27 Mar 2006 12:00:00 GMT</datelastmodified>
			<userlastmodified>Admin</userlastmodified>
			<datecreated>Mon, 27 Jun 2005 08:00:00 GMT</datecreated>
			<usercreated>Admin</usercreated>
			<flags>0</flags>
			<properties>
				<property>
					<name>export</name>
					<value><![CDATA[false]]></value>
				</property>
				<property>
					<name>Title</name>
					<value><![CDATA[Special character dialog]]></value>
				</property>
			</properties>
			<accesscontrol/>
		</file>
		<file>
			<source>system/workplace/editors/dialogs/table_element.jsp</source>
			<destination>system/workplace/editors/dialogs/table_element.jsp</destination>
			<type>jsp</type>
			<uuidresource>5f75a742-f052-11d8-ba65-db38cc8f19d7</uuidresource>
			<datelastmodified>Mon, 27 Mar 2006 12:00:00 GMT</datelastmodified>
			<userlastmodified>Admin</userlastmodified>
			<datecreated>Mon, 27 Jun 2005 08:00:00 GMT</datecreated>
			<usercreated>Admin</usercreated>
			<flags>0</flags>
			<properties>
				<property>
					<name>export</name>
					<value><![CDATA[false]]></value>
				</property>
				<property>
					<name>Title</name>
					<value><![CDATA[Table element dialog]]></value>
				</property>
			</properties>
			<accesscontrol/>
		</file>
		<file>
			<source>system/workplace/editors/dialogs/table_new.jsp</source>
			<destination>system/workplace/editors/dialogs/table_new.jsp</destination>
			<type>jsp</type>
			<uuidresource>5f867026-f052-11d8-ba65-db38cc8f19d7</uuidresource>
			<datelastmodified>Mon, 27 Mar 2006 12:00:00 GMT</datelastmodified>
			<userlastmodified>Admin</userlastmodified>
			<datecreated>Mon, 27 Jun 2005 08:00:00 GMT</datecreated>
			<usercreated>Admin</usercreated>
			<flags>0</flags>
			<properties>
				<property>
					<name>export</name>
					<value><![CDATA[false]]></value>
				</property>
				<property>
					<name>Title</name>
					<value><![CDATA[Create new table dialog]]></value>
				</property>
			</properties>
			<accesscontrol/>
		</file>
		<file>
			<destination>system/workplace/editors/simple</destination>
			<type>folder</type>
			<datelastmodified>Mon, 27 Mar 2006 12:00:00 GMT</datelastmodified>
			<userlastmodified>Admin</userlastmodified>
			<datecreated>Mon, 27 Jun 2005 08:00:00 GMT</datecreated>
			<usercreated>Admin</usercreated>
			<flags>0</flags>
			<properties>
				<property>
					<name>Title</name>
					<value><![CDATA[Simple textarea editor]]></value>
				</property>
			</properties>
			<accesscontrol/>
		</file>
		<file>
			<source>system/workplace/editors/simple/edit.js</source>
			<destination>system/workplace/editors/simple/edit.js</destination>
			<type>plain</type>
			<uuidresource>b13c382e-f03b-11d8-bd02-ddc4b68c493a</uuidresource>
			<datelastmodified>Mon, 27 Mar 2006 12:00:00 GMT</datelastmodified>
			<userlastmodified>Admin</userlastmodified>
			<datecreated>Mon, 27 Jun 2005 08:00:00 GMT</datecreated>
			<usercreated>Admin</usercreated>
			<flags>0</flags>
			<properties/>
			<accesscontrol/>
		</file>
		<file>
			<source>system/workplace/editors/simple/editor.jsp</source>
			<destination>system/workplace/editors/simple/editor.jsp</destination>
			<type>jsp</type>
			<uuidresource>5ff89313-f052-11d8-ba65-db38cc8f19d7</uuidresource>
			<datelastmodified>Mon, 27 Mar 2006 12:00:00 GMT</datelastmodified>
			<userlastmodified>Admin</userlastmodified>
			<datecreated>Mon, 27 Jun 2005 08:00:00 GMT</datecreated>
			<usercreated>Admin</usercreated>
			<flags>0</flags>
			<properties>
				<property>
					<name>export</name>
					<value><![CDATA[false]]></value>
				</property>
				<property>
					<name>Title</name>
					<value><![CDATA[Simple textarea editor]]></value>
				</property>
			</properties>
			<accesscontrol/>
		</file>
		<file>
			<source>system/workplace/editors/simple/editor_configuration.xml</source>
			<destination>system/workplace/editors/simple/editor_configuration.xml</destination>
			<type>plain</type>
			<uuidresource>600479f7-f052-11d8-ba65-db38cc8f19d7</uuidresource>
			<datelastmodified>Mon, 27 Mar 2006 12:00:00 GMT</datelastmodified>
			<userlastmodified>Admin</userlastmodified>
			<datecreated>Mon, 27 Jun 2005 08:00:00 GMT</datecreated>
			<usercreated>Admin</usercreated>
			<flags>0</flags>
			<properties>
				<property>
					<name>Title</name>
					<value><![CDATA[Editor configuration file]]></value>
				</property>
			</properties>
			<accesscontrol/>
		</file>
		<file>
			<destination>system/workplace/editors/simplehtml</destination>
			<type>folder</type>
			<datelastmodified>Mon, 27 Mar 2006 12:00:00 GMT</datelastmodified>
			<userlastmodified>Admin</userlastmodified>
			<datecreated>Mon, 27 Jun 2005 08:00:00 GMT</datecreated>
			<usercreated>Admin</usercreated>
			<flags>0</flags>
			<properties>
				<property>
					<name>Title</name>
					<value><![CDATA[Simple page editor]]></value>
				</property>
			</properties>
			<accesscontrol/>
		</file>
		<file>
			<source>system/workplace/editors/simplehtml/edit.js</source>
			<destination>system/workplace/editors/simplehtml/edit.js</destination>
			<type>plain</type>
			<uuidresource>b6f00722-f03b-11d8-bd02-ddc4b68c493a</uuidresource>
			<datelastmodified>Mon, 27 Mar 2006 12:00:00 GMT</datelastmodified>
			<userlastmodified>Admin</userlastmodified>
			<datecreated>Mon, 27 Jun 2005 08:00:00 GMT</datecreated>
			<usercreated>Admin</usercreated>
			<flags>0</flags>
			<properties/>
			<accesscontrol/>
		</file>
		<file>
			<source>system/workplace/editors/simplehtml/editor.jsp</source>
			<destination>system/workplace/editors/simplehtml/editor.jsp</destination>
			<type>jsp</type>
			<uuidresource>601c46c2-f052-11d8-ba65-db38cc8f19d7</uuidresource>
			<datelastmodified>Mon, 27 Mar 2006 12:00:00 GMT</datelastmodified>
			<userlastmodified>Admin</userlastmodified>
			<datecreated>Mon, 27 Jun 2005 08:00:00 GMT</datecreated>
			<usercreated>Admin</usercreated>
			<flags>0</flags>
			<properties>
				<property>
					<name>export</name>
					<value><![CDATA[false]]></value>
				</property>
				<property>
					<name>Title</name>
					<value><![CDATA[Simple page editor]]></value>
				</property>
			</properties>
			<accesscontrol/>
		</file>
		<file>
			<source>system/workplace/editors/simplehtml/editor_configuration.xml</source>
			<destination>system/workplace/editors/simplehtml/editor_configuration.xml</destination>
			<type>plain</type>
			<uuidresource>60282da6-f052-11d8-ba65-db38cc8f19d7</uuidresource>
			<datelastmodified>Mon, 27 Mar 2006 12:00:00 GMT</datelastmodified>
			<userlastmodified>Admin</userlastmodified>
			<datecreated>Mon, 27 Jun 2005 08:00:00 GMT</datecreated>
			<usercreated>Admin</usercreated>
			<flags>0</flags>
			<properties>
				<property>
					<name>Title</name>
					<value><![CDATA[Editor configuration file]]></value>
				</property>
			</properties>
			<accesscontrol/>
		</file>
		<file>
			<destination>system/workplace/editors/xmlcontent</destination>
			<type>folder</type>
			<datelastmodified>Mon, 27 Mar 2006 12:00:00 GMT</datelastmodified>
			<userlastmodified>Admin</userlastmodified>
			<datecreated>Mon, 27 Jun 2005 08:00:00 GMT</datecreated>
			<usercreated>Admin</usercreated>
			<flags>0</flags>
			<properties>
				<property>
					<name>Title</name>
					<value><![CDATA[XML content editor]]></value>
				</property>
			</properties>
			<accesscontrol/>
		</file>
		<file>
			<source>system/workplace/editors/xmlcontent/edit.js</source>
			<destination>system/workplace/editors/xmlcontent/edit.js</destination>
			<type>plain</type>
			<uuidresource>bc7dd786-f03b-11d8-bd02-ddc4b68c493a</uuidresource>
			<datelastmodified>Mon, 27 Mar 2006 12:00:00 GMT</datelastmodified>
			<userlastmodified>Admin</userlastmodified>
			<datecreated>Mon, 27 Jun 2005 08:00:00 GMT</datecreated>
			<usercreated>Admin</usercreated>
			<flags>0</flags>
			<properties/>
			<accesscontrol/>
		</file>
		<file>
			<source>system/workplace/editors/xmlcontent/help.js</source>
			<destination>system/workplace/editors/xmlcontent/help.js</destination>
			<type>plain</type>
			<uuidresource>b50b1e87-20e3-11d9-9b67-9f91734fb765</uuidresource>
			<datelastmodified>Mon, 27 Mar 2006 12:00:00 GMT</datelastmodified>
			<userlastmodified>Admin</userlastmodified>
			<datecreated>Mon, 27 Jun 2005 08:00:00 GMT</datecreated>
			<usercreated>Admin</usercreated>
			<flags>0</flags>
			<properties/>
			<accesscontrol/>
		</file>
		<file>
			<source>system/workplace/editors/xmlcontent/editor.jsp</source>
			<destination>system/workplace/editors/xmlcontent/editor.jsp</destination>
			<type>jsp</type>
			<uuidresource>603ffb71-f052-11d8-ba65-db38cc8f19d7</uuidresource>
			<datelastmodified>Mon, 27 Mar 2006 12:00:00 GMT</datelastmodified>
			<userlastmodified>Admin</userlastmodified>
			<datecreated>Mon, 27 Jun 2005 08:00:00 GMT</datecreated>
			<usercreated>Admin</usercreated>
			<flags>0</flags>
			<properties>
				<property>
					<name>export</name>
					<value><![CDATA[false]]></value>
				</property>
				<property>
					<name>Title</name>
					<value><![CDATA[XmlContent editor frameset]]></value>
				</property>
			</properties>
			<accesscontrol/>
		</file>
		<file>
			<source>system/workplace/editors/xmlcontent/editor_buttons.jsp</source>
			<destination>system/workplace/editors/xmlcontent/editor_buttons.jsp</destination>
			<type>jsp</type>
			<uuidresource>ab8c7e75-22b0-11d9-8c13-c726a0fc5cd5</uuidresource>
			<datelastmodified>Mon, 27 Mar 2006 12:00:00 GMT</datelastmodified>
			<userlastmodified>Admin</userlastmodified>
			<datecreated>Mon, 27 Jun 2005 08:00:00 GMT</datecreated>
			<usercreated>Admin</usercreated>
			<flags>0</flags>
			<properties>
				<property>
					<name>export</name>
					<value><![CDATA[false]]></value>
				</property>
				<property>
					<name>Title</name>
					<value><![CDATA[Editor button bar frame]]></value>
				</property>
			</properties>
			<accesscontrol/>
		</file> 
		<file>
			<source>system/workplace/editors/xmlcontent/editor_configuration.xml</source>
			<destination>system/workplace/editors/xmlcontent/editor_configuration.xml</destination>
			<type>plain</type>
			<uuidresource>604be255-f052-11d8-ba65-db38cc8f19d7</uuidresource>
			<datelastmodified>Mon, 27 Mar 2006 12:00:00 GMT</datelastmodified>
			<userlastmodified>Admin</userlastmodified>
			<datecreated>Mon, 27 Jun 2005 08:00:00 GMT</datecreated>
			<usercreated>Admin</usercreated>
			<flags>0</flags>
			<properties>
				<property>
					<name>Title</name>
					<value><![CDATA[Editor configuration file]]></value>
				</property>
			</properties>
			<accesscontrol/>
		</file>
		<file>
			<source>system/workplace/editors/xmlcontent/editor_form.jsp</source>
			<destination>system/workplace/editors/xmlcontent/editor_form.jsp</destination>
			<type>jsp</type>
			<uuidresource>b15c39dc-22b0-11d9-8c13-c726a0fc5cd5</uuidresource>
			<datelastmodified>Mon, 27 Mar 2006 12:00:00 GMT</datelastmodified>
			<userlastmodified>Admin</userlastmodified>
			<datecreated>Mon, 27 Jun 2005 08:00:00 GMT</datecreated>
			<usercreated>Admin</usercreated>
			<flags>0</flags>
			<properties>
				<property>
					<name>export</name>
					<value><![CDATA[false]]></value>
				</property>
				<property>
					<name>Title</name>
					<value><![CDATA[Editor form frame]]></value>
				</property>
			</properties>
			<accesscontrol/>
		</file>
		<file>
			<destination>system/workplace/resources</destination>
			<type>folder</type>
			<datelastmodified>Mon, 27 Mar 2006 12:00:00 GMT</datelastmodified>
			<userlastmodified>Admin</userlastmodified>
			<datecreated>Mon, 27 Jun 2005 08:00:00 GMT</datecreated>
			<usercreated>Admin</usercreated>
			<flags>0</flags>
			<properties/>
			<accesscontrol/>
		</file>
		<file>
			<destination>system/workplace/resources/buttons</destination>
			<type>folder</type>
			<datelastmodified>Mon, 27 Mar 2006 12:00:00 GMT</datelastmodified>
			<userlastmodified>Admin</userlastmodified>
			<datecreated>Mon, 27 Jun 2005 08:00:00 GMT</datecreated>
			<usercreated>Admin</usercreated>
			<flags>0</flags>
			<properties/>
			<accesscontrol/>
		</file>
		<file>
			<source>system/workplace/resources/buttons/anchor.png</source>
			<destination>system/workplace/resources/buttons/anchor.png</destination>
			<type>image</type>
			<uuidresource>c459682f-dd86-11d9-9663-016dc05e1977</uuidresource>
			<datelastmodified>Mon, 27 Mar 2006 12:00:00 GMT</datelastmodified>
			<userlastmodified>Admin</userlastmodified>
			<datecreated>Mon, 27 Jun 2005 08:00:00 GMT</datecreated>
			<usercreated>Admin</usercreated>
			<flags>0</flags>
			<properties/>
			<accesscontrol/>
		</file>
		<file>
			<source>system/workplace/resources/buttons/bold.png</source>
			<destination>system/workplace/resources/buttons/bold.png</destination>
			<type>image</type>
			<uuidresource>c4628ff2-dd86-11d9-9663-016dc05e1977</uuidresource>
			<datelastmodified>Mon, 27 Mar 2006 12:00:00 GMT</datelastmodified>
			<userlastmodified>Admin</userlastmodified>
			<datecreated>Mon, 27 Jun 2005 08:00:00 GMT</datecreated>
			<usercreated>Admin</usercreated>
			<flags>0</flags>
			<properties/>
			<accesscontrol/>
		</file>
		<file>
			<source>system/workplace/resources/buttons/bullist.png</source>
			<destination>system/workplace/resources/buttons/bullist.png</destination>
			<type>image</type>
			<uuidresource>c46723d5-dd86-11d9-9663-016dc05e1977</uuidresource>
			<datelastmodified>Mon, 27 Mar 2006 12:00:00 GMT</datelastmodified>
			<userlastmodified>Admin</userlastmodified>
			<datecreated>Mon, 27 Jun 2005 08:00:00 GMT</datecreated>
			<usercreated>Admin</usercreated>
			<flags>0</flags>
			<properties/>
			<accesscontrol/>
		</file>
		<file>
			<source>system/workplace/resources/buttons/center.png</source>
			<destination>system/workplace/resources/buttons/center.png</destination>
			<type>image</type>
			<uuidresource>c46bb7bb-dd86-11d9-9663-016dc05e1977</uuidresource>
			<datelastmodified>Mon, 27 Mar 2006 12:00:00 GMT</datelastmodified>
			<userlastmodified>Admin</userlastmodified>
			<datecreated>Mon, 27 Jun 2005 08:00:00 GMT</datecreated>
			<usercreated>Admin</usercreated>
			<flags>0</flags>
			<properties/>
			<accesscontrol/>
		</file>
		<file>
			<source>system/workplace/resources/buttons/cleanup.png</source>
			<destination>system/workplace/resources/buttons/cleanup.png</destination>
			<type>image</type>
			<uuidresource>c46ec4fe-dd86-11d9-9663-016dc05e1977</uuidresource>
			<datelastmodified>Mon, 27 Mar 2006 12:00:00 GMT</datelastmodified>
			<userlastmodified>Admin</userlastmodified>
			<datecreated>Mon, 27 Jun 2005 08:00:00 GMT</datecreated>
			<usercreated>Admin</usercreated>
			<flags>0</flags>
			<properties/>
			<accesscontrol/>
		</file>
		<file>
			<source>system/workplace/resources/buttons/color_fill.png</source>
			<destination>system/workplace/resources/buttons/color_fill.png</destination>
			<type>image</type>
			<uuidresource>c471d241-dd86-11d9-9663-016dc05e1977</uuidresource>
			<datelastmodified>Mon, 27 Mar 2006 12:00:00 GMT</datelastmodified>
			<userlastmodified>Admin</userlastmodified>
			<datecreated>Mon, 27 Jun 2005 08:00:00 GMT</datecreated>
			<usercreated>Admin</usercreated>
			<flags>0</flags>
			<properties/>
			<accesscontrol/>
		</file>
		<file>
			<source>system/workplace/resources/buttons/color_text.png</source>
			<destination>system/workplace/resources/buttons/color_text.png</destination>
			<type>image</type>
			<uuidresource>c474df84-dd86-11d9-9663-016dc05e1977</uuidresource>
			<datelastmodified>Mon, 27 Mar 2006 12:00:00 GMT</datelastmodified>
			<userlastmodified>Admin</userlastmodified>
			<datecreated>Mon, 27 Jun 2005 08:00:00 GMT</datecreated>
			<usercreated>Admin</usercreated>
			<flags>0</flags>
			<properties/>
			<accesscontrol/>
		</file>
		<file>
			<source>system/workplace/resources/buttons/copy.png</source>
			<destination>system/workplace/resources/buttons/copy.png</destination>
			<type>image</type>
			<uuidresource>c477ecc7-dd86-11d9-9663-016dc05e1977</uuidresource>
			<datelastmodified>Mon, 27 Mar 2006 12:00:00 GMT</datelastmodified>
			<userlastmodified>Admin</userlastmodified>
			<datecreated>Mon, 27 Jun 2005 08:00:00 GMT</datecreated>
			<usercreated>Admin</usercreated>
			<flags>0</flags>
			<properties/>
			<accesscontrol/>
		</file>
		<file>
			<source>system/workplace/resources/buttons/cut.png</source>
			<destination>system/workplace/resources/buttons/cut.png</destination>
			<type>image</type>
			<uuidresource>c479736a-dd86-11d9-9663-016dc05e1977</uuidresource>
			<datelastmodified>Mon, 27 Mar 2006 12:00:00 GMT</datelastmodified>
			<userlastmodified>Admin</userlastmodified>
			<datecreated>Mon, 27 Jun 2005 08:00:00 GMT</datecreated>
			<usercreated>Admin</usercreated>
			<flags>0</flags>
			<properties/>
			<accesscontrol/>
		</file>
		<file>
			<source>system/workplace/resources/buttons/details.png</source>
			<destination>system/workplace/resources/buttons/details.png</destination>
			<type>image</type>
			<uuidresource>c47c80ad-dd86-11d9-9663-016dc05e1977</uuidresource>
			<datelastmodified>Mon, 27 Mar 2006 12:00:00 GMT</datelastmodified>
			<userlastmodified>Admin</userlastmodified>
			<datecreated>Mon, 27 Jun 2005 08:00:00 GMT</datecreated>
			<usercreated>Admin</usercreated>
			<flags>0</flags>
			<properties/>
			<accesscontrol/>
		</file>
		<file>
			<source>system/workplace/resources/buttons/directedit_cl.png</source>
			<destination>system/workplace/resources/buttons/directedit_cl.png</destination>
			<type>image</type>
			<uuidresource>c47f8df0-dd86-11d9-9663-016dc05e1977</uuidresource>
			<datelastmodified>Mon, 27 Mar 2006 12:00:00 GMT</datelastmodified>
			<userlastmodified>Admin</userlastmodified>
			<datecreated>Mon, 27 Jun 2005 08:00:00 GMT</datecreated>
			<usercreated>Admin</usercreated>
			<flags>0</flags>
			<properties/>
			<accesscontrol/>
		</file>
		<file>
			<source>system/workplace/resources/buttons/directedit_in.png</source>
			<destination>system/workplace/resources/buttons/directedit_in.png</destination>
			<type>image</type>
			<uuidresource>c4811493-dd86-11d9-9663-016dc05e1977</uuidresource>
			<datelastmodified>Mon, 27 Mar 2006 12:00:00 GMT</datelastmodified>
			<userlastmodified>Admin</userlastmodified>
			<datecreated>Mon, 27 Jun 2005 08:00:00 GMT</datecreated>
			<usercreated>Admin</usercreated>
			<flags>0</flags>
			<properties/>
			<accesscontrol/>
		</file>
		<file>
			<source>system/workplace/resources/buttons/directedit_op.png</source>
			<destination>system/workplace/resources/buttons/directedit_op.png</destination>
			<type>image</type>
			<uuidresource>c4829b36-dd86-11d9-9663-016dc05e1977</uuidresource>
			<datelastmodified>Mon, 27 Mar 2006 12:00:00 GMT</datelastmodified>
			<userlastmodified>Admin</userlastmodified>
			<datecreated>Mon, 27 Jun 2005 08:00:00 GMT</datecreated>
			<usercreated>Admin</usercreated>
			<flags>0</flags>
			<properties/>
			<accesscontrol/>
		</file>
		<file>
			<source>system/workplace/resources/buttons/editorsearch.png</source>
			<destination>system/workplace/resources/buttons/editorsearch.png</destination>
			<type>image</type>
			<uuidresource>c48a3c5c-dd86-11d9-9663-016dc05e1977</uuidresource>
			<datelastmodified>Mon, 27 Mar 2006 12:00:00 GMT</datelastmodified>
			<userlastmodified>Admin</userlastmodified>
			<datecreated>Mon, 27 Jun 2005 08:00:00 GMT</datecreated>
			<usercreated>Admin</usercreated>
			<flags>0</flags>
			<properties/>
			<accesscontrol/>
		</file>
		<file>
			<source>system/workplace/resources/buttons/elements.png</source>
			<destination>system/workplace/resources/buttons/elements.png</destination>
			<type>image</type>
			<uuidresource>c48d499f-dd86-11d9-9663-016dc05e1977</uuidresource>
			<datelastmodified>Mon, 27 Mar 2006 12:00:00 GMT</datelastmodified>
			<userlastmodified>Admin</userlastmodified>
			<datecreated>Mon, 27 Jun 2005 08:00:00 GMT</datecreated>
			<usercreated>Admin</usercreated>
			<flags>0</flags>
			<properties/>
			<accesscontrol/>
		</file>
		<file>
			<source>system/workplace/resources/buttons/elements_in.png</source>
			<destination>system/workplace/resources/buttons/elements_in.png</destination>
			<type>image</type>
			<uuidresource>c48ed042-dd86-11d9-9663-016dc05e1977</uuidresource>
			<datelastmodified>Mon, 27 Mar 2006 12:00:00 GMT</datelastmodified>
			<userlastmodified>Admin</userlastmodified>
			<datecreated>Mon, 27 Jun 2005 08:00:00 GMT</datecreated>
			<usercreated>Admin</usercreated>
			<flags>0</flags>
			<properties/>
			<accesscontrol/>
		</file>
		<file>
			<source>system/workplace/resources/buttons/erase.png</source>
			<destination>system/workplace/resources/buttons/erase.png</destination>
			<type>image</type>
			<uuidresource>c491dd85-dd86-11d9-9663-016dc05e1977</uuidresource>
			<datelastmodified>Mon, 27 Mar 2006 12:00:00 GMT</datelastmodified>
			<userlastmodified>Admin</userlastmodified>
			<datecreated>Mon, 27 Jun 2005 08:00:00 GMT</datecreated>
			<usercreated>Admin</usercreated>
			<flags>0</flags>
			<properties/>
			<accesscontrol/>
		</file>
		<file>
			<source>system/workplace/resources/buttons/exit.png</source>
			<destination>system/workplace/resources/buttons/exit.png</destination>
			<type>image</type>
			<uuidresource>c4967168-dd86-11d9-9663-016dc05e1977</uuidresource>
			<datelastmodified>Mon, 27 Mar 2006 12:00:00 GMT</datelastmodified>
			<userlastmodified>Admin</userlastmodified>
			<datecreated>Mon, 27 Jun 2005 08:00:00 GMT</datecreated>
			<usercreated>Admin</usercreated>
			<flags>0</flags>
			<properties/>
			<accesscontrol/>
		</file>
		<file>
			<source>system/workplace/resources/buttons/image.png</source>
			<destination>system/workplace/resources/buttons/image.png</destination>
			<type>image</type>
			<uuidresource>c4a42d14-dd86-11d9-9663-016dc05e1977</uuidresource>
			<datelastmodified>Mon, 27 Mar 2006 12:00:00 GMT</datelastmodified>
			<userlastmodified>Admin</userlastmodified>
			<datecreated>Mon, 27 Jun 2005 08:00:00 GMT</datecreated>
			<usercreated>Admin</usercreated>
			<flags>0</flags>
			<properties/>
			<accesscontrol/>
		</file>
		<file>
			<source>system/workplace/resources/buttons/indent.png</source>
			<destination>system/workplace/resources/buttons/indent.png</destination>
			<type>image</type>
			<uuidresource>c4a8c0fa-dd86-11d9-9663-016dc05e1977</uuidresource>
			<datelastmodified>Mon, 27 Mar 2006 12:00:00 GMT</datelastmodified>
			<userlastmodified>Admin</userlastmodified>
			<datecreated>Mon, 27 Jun 2005 08:00:00 GMT</datecreated>
			<usercreated>Admin</usercreated>
			<flags>0</flags>
			<properties/>
			<accesscontrol/>
		</file>
		<file>
			<source>system/workplace/resources/buttons/italic.png</source>
			<destination>system/workplace/resources/buttons/italic.png</destination>
			<type>image</type>
			<uuidresource>c4abce3d-dd86-11d9-9663-016dc05e1977</uuidresource>
			<datelastmodified>Mon, 27 Mar 2006 12:00:00 GMT</datelastmodified>
			<userlastmodified>Admin</userlastmodified>
			<datecreated>Mon, 27 Jun 2005 08:00:00 GMT</datecreated>
			<usercreated>Admin</usercreated>
			<flags>0</flags>
			<properties/>
			<accesscontrol/>
		</file>
		<file>
			<source>system/workplace/resources/buttons/left.png</source>
			<destination>system/workplace/resources/buttons/left.png</destination>
			<type>image</type>
			<uuidresource>c4aedb80-dd86-11d9-9663-016dc05e1977</uuidresource>
			<datelastmodified>Mon, 27 Mar 2006 12:00:00 GMT</datelastmodified>
			<userlastmodified>Admin</userlastmodified>
			<datecreated>Mon, 27 Jun 2005 08:00:00 GMT</datecreated>
			<usercreated>Admin</usercreated>
			<flags>0</flags>
			<properties/>
			<accesscontrol/>
		</file>
		<file>
			<source>system/workplace/resources/buttons/link.png</source>
			<destination>system/workplace/resources/buttons/link.png</destination>
			<type>image</type>
			<uuidresource>c4b06223-dd86-11d9-9663-016dc05e1977</uuidresource>
			<datelastmodified>Mon, 27 Mar 2006 12:00:00 GMT</datelastmodified>
			<userlastmodified>Admin</userlastmodified>
			<datecreated>Mon, 27 Jun 2005 08:00:00 GMT</datecreated>
			<usercreated>Admin</usercreated>
			<flags>0</flags>
			<properties/>
			<accesscontrol/>
		</file>
		<file>
			<source>system/workplace/resources/buttons/numlist.png</source>
			<destination>system/workplace/resources/buttons/numlist.png</destination>
			<type>image</type>
			<uuidresource>c4b80349-dd86-11d9-9663-016dc05e1977</uuidresource>
			<datelastmodified>Mon, 27 Mar 2006 12:00:00 GMT</datelastmodified>
			<userlastmodified>Admin</userlastmodified>
			<datecreated>Mon, 27 Jun 2005 08:00:00 GMT</datecreated>
			<usercreated>Admin</usercreated>
			<flags>0</flags>
			<properties/>
			<accesscontrol/>
		</file>
		<file>
			<source>system/workplace/resources/buttons/outdent.png</source>
			<destination>system/workplace/resources/buttons/outdent.png</destination>
			<type>image</type>
			<uuidresource>c4bc972c-dd86-11d9-9663-016dc05e1977</uuidresource>
			<datelastmodified>Mon, 27 Mar 2006 12:00:00 GMT</datelastmodified>
			<userlastmodified>Admin</userlastmodified>
			<datecreated>Mon, 27 Jun 2005 08:00:00 GMT</datecreated>
			<usercreated>Admin</usercreated>
			<flags>0</flags>
			<properties/>
			<accesscontrol/>
		</file>
		<file>
			<source>system/workplace/resources/buttons/paste.png</source>
			<destination>system/workplace/resources/buttons/paste.png</destination>
			<type>image</type>
			<uuidresource>c4be44df-dd86-11d9-9663-016dc05e1977</uuidresource>
			<datelastmodified>Mon, 27 Mar 2006 12:00:00 GMT</datelastmodified>
			<userlastmodified>Admin</userlastmodified>
			<datecreated>Mon, 27 Jun 2005 08:00:00 GMT</datecreated>
			<usercreated>Admin</usercreated>
			<flags>0</flags>
			<properties/>
			<accesscontrol/>
		</file>
		<file>
			<source>system/workplace/resources/buttons/properties.png</source>
			<destination>system/workplace/resources/buttons/properties.png</destination>
			<type>image</type>
			<uuidresource>c4c2d7c5-dd86-11d9-9663-016dc05e1977</uuidresource>
			<datelastmodified>Mon, 27 Mar 2006 12:00:00 GMT</datelastmodified>
			<userlastmodified>Admin</userlastmodified>
			<datecreated>Mon, 27 Jun 2005 08:00:00 GMT</datecreated>
			<usercreated>Admin</usercreated>
			<flags>0</flags>
			<properties/>
			<accesscontrol/>
		</file>
		<file>
			<source>system/workplace/resources/buttons/properties_in.png</source>
			<destination>system/workplace/resources/buttons/properties_in.png</destination>
			<type>image</type>
			<uuidresource>c4c45e68-dd86-11d9-9663-016dc05e1977</uuidresource>
			<datelastmodified>Mon, 27 Mar 2006 12:00:00 GMT</datelastmodified>
			<userlastmodified>Admin</userlastmodified>
			<datecreated>Mon, 27 Jun 2005 08:00:00 GMT</datecreated>
			<usercreated>Admin</usercreated>
			<flags>0</flags>
			<properties/>
			<accesscontrol/>
		</file>
		<file>
			<source>system/workplace/resources/buttons/redo.png</source>
			<destination>system/workplace/resources/buttons/redo.png</destination>
			<type>image</type>
			<uuidresource>c4c5e50b-dd86-11d9-9663-016dc05e1977</uuidresource>
			<datelastmodified>Mon, 27 Mar 2006 12:00:00 GMT</datelastmodified>
			<userlastmodified>Admin</userlastmodified>
			<datecreated>Mon, 27 Jun 2005 08:00:00 GMT</datecreated>
			<usercreated>Admin</usercreated>
			<flags>0</flags>
			<properties/>
			<accesscontrol/>
		</file>
		<file>
			<source>system/workplace/resources/buttons/right.png</source>
			<destination>system/workplace/resources/buttons/right.png</destination>
			<type>image</type>
			<uuidresource>c4cbff91-dd86-11d9-9663-016dc05e1977</uuidresource>
			<datelastmodified>Mon, 27 Mar 2006 12:00:00 GMT</datelastmodified>
			<userlastmodified>Admin</userlastmodified>
			<datecreated>Mon, 27 Jun 2005 08:00:00 GMT</datecreated>
			<usercreated>Admin</usercreated>
			<flags>0</flags>
			<properties/>
			<accesscontrol/>
		</file>
		<file>
			<source>system/workplace/resources/buttons/save.png</source>
			<destination>system/workplace/resources/buttons/save.png</destination>
			<type>image</type>
			<uuidresource>c4cf0cd4-dd86-11d9-9663-016dc05e1977</uuidresource>
			<datelastmodified>Mon, 27 Mar 2006 12:00:00 GMT</datelastmodified>
			<userlastmodified>Admin</userlastmodified>
			<datecreated>Mon, 27 Jun 2005 08:00:00 GMT</datecreated>
			<usercreated>Admin</usercreated>
			<flags>0</flags>
			<properties/>
			<accesscontrol/>
		</file>
		<file>
			<source>system/workplace/resources/buttons/save_exit.png</source>
			<destination>system/workplace/resources/buttons/save_exit.png</destination>
			<type>image</type>
			<uuidresource>c4d09377-dd86-11d9-9663-016dc05e1977</uuidresource>
			<datelastmodified>Mon, 27 Mar 2006 12:00:00 GMT</datelastmodified>
			<userlastmodified>Admin</userlastmodified>
			<datecreated>Mon, 27 Jun 2005 08:00:00 GMT</datecreated>
			<usercreated>Admin</usercreated>
			<flags>0</flags>
			<properties/>
			<accesscontrol/>
		</file>
		<file>
			<source>system/workplace/resources/buttons/specialchar.png</source>
			<destination>system/workplace/resources/buttons/specialchar.png</destination>
			<type>image</type>
			<uuidresource>c4d3a0ba-dd86-11d9-9663-016dc05e1977</uuidresource>
			<datelastmodified>Mon, 27 Mar 2006 12:00:00 GMT</datelastmodified>
			<userlastmodified>Admin</userlastmodified>
			<datecreated>Mon, 27 Jun 2005 08:00:00 GMT</datecreated>
			<usercreated>Admin</usercreated>
			<flags>0</flags>
			<properties/>
			<accesscontrol/>
		</file>
		<file>
			<source>system/workplace/resources/buttons/table.png</source>
			<destination>system/workplace/resources/buttons/table.png</destination>
			<type>image</type>
			<uuidresource>c4d9bb40-dd86-11d9-9663-016dc05e1977</uuidresource>
			<datelastmodified>Mon, 27 Mar 2006 12:00:00 GMT</datelastmodified>
			<userlastmodified>Admin</userlastmodified>
			<datecreated>Mon, 27 Jun 2005 08:00:00 GMT</datecreated>
			<usercreated>Admin</usercreated>
			<flags>0</flags>
			<properties/>
			<accesscontrol/>
		</file>
		<file>
			<source>system/workplace/resources/buttons/table_td.png</source>
			<destination>system/workplace/resources/buttons/table_td.png</destination>
			<type>image</type>
			<uuidresource>c4db41e3-dd86-11d9-9663-016dc05e1977</uuidresource>
			<datelastmodified>Mon, 27 Mar 2006 12:00:00 GMT</datelastmodified>
			<userlastmodified>Admin</userlastmodified>
			<datecreated>Mon, 27 Jun 2005 08:00:00 GMT</datecreated>
			<usercreated>Admin</usercreated>
			<flags>0</flags>
			<properties/>
			<accesscontrol/>
		</file>
		<file>
			<source>system/workplace/resources/buttons/table_tr.png</source>
			<destination>system/workplace/resources/buttons/table_tr.png</destination>
			<type>image</type>
			<uuidresource>c4dfd5c6-dd86-11d9-9663-016dc05e1977</uuidresource>
			<datelastmodified>Mon, 27 Mar 2006 12:00:00 GMT</datelastmodified>
			<userlastmodified>Admin</userlastmodified>
			<datecreated>Mon, 27 Jun 2005 08:00:00 GMT</datecreated>
			<usercreated>Admin</usercreated>
			<flags>0</flags>
			<properties/>
			<accesscontrol/>
		</file>
		<file>
			<source>system/workplace/resources/buttons/underline.png</source>
			<destination>system/workplace/resources/buttons/underline.png</destination>
			<type>image</type>
			<uuidresource>c4e5f04f-dd86-11d9-9663-016dc05e1977</uuidresource>
			<datelastmodified>Mon, 27 Mar 2006 12:00:00 GMT</datelastmodified>
			<userlastmodified>Admin</userlastmodified>
			<datecreated>Mon, 27 Jun 2005 08:00:00 GMT</datecreated>
			<usercreated>Admin</usercreated>
			<flags>0</flags>
			<properties/>
			<accesscontrol/>
		</file>
		<file>
			<source>system/workplace/resources/buttons/undo.png</source>
			<destination>system/workplace/resources/buttons/undo.png</destination>
			<type>image</type>
			<uuidresource>c4ea8432-dd86-11d9-9663-016dc05e1977</uuidresource>
			<datelastmodified>Mon, 27 Mar 2006 12:00:00 GMT</datelastmodified>
			<userlastmodified>Admin</userlastmodified>
			<datecreated>Mon, 27 Jun 2005 08:00:00 GMT</datecreated>
			<usercreated>Admin</usercreated>
			<flags>0</flags>
			<properties/>
			<accesscontrol/>
		</file>
		<file>
			<source>system/workplace/resources/buttons/xmledit.png</source>
			<destination>system/workplace/resources/buttons/xmledit.png</destination>
			<type>image</type>
			<uuidresource>087ad4c2-ba48-11da-8cb6-0df9507b543e</uuidresource>
			<datelastmodified>Mon, 27 Mar 2006 12:00:00 GMT</datelastmodified>
			<userlastmodified>Admin</userlastmodified>
			<datecreated>Thu, 23 Mar 2006 08:35:50 GMT</datecreated>
			<usercreated>Admin</usercreated>
			<flags>0</flags>
			<properties/>
			<accesscontrol/>
		</file>
		<file>
			<source>system/workplace/resources/buttons/xmledit_add.png</source>
			<destination>system/workplace/resources/buttons/xmledit_add.png</destination>
			<type>image</type>
			<uuidresource>1bde0eb7-ba48-11da-8cb6-0df9507b543e</uuidresource>
			<datelastmodified>Mon, 27 Mar 2006 12:00:00 GMT</datelastmodified>
			<userlastmodified>Admin</userlastmodified>
			<datecreated>Thu, 23 Mar 2006 08:36:22 GMT</datecreated>
			<usercreated>Admin</usercreated>
			<flags>0</flags>
			<properties/>
			<accesscontrol/>
		</file>
		<file>
			<source>system/workplace/resources/buttons/xmledit_del.png</source>
			<destination>system/workplace/resources/buttons/xmledit_del.png</destination>
			<type>image</type>
			<uuidresource>1bf4f21c-ba48-11da-8cb6-0df9507b543e</uuidresource>
			<datelastmodified>Mon, 27 Mar 2006 12:00:00 GMT</datelastmodified>
			<userlastmodified>Admin</userlastmodified>
			<datecreated>Thu, 23 Mar 2006 08:36:23 GMT</datecreated>
			<usercreated>Admin</usercreated>
			<flags>0</flags>
			<properties/>
			<accesscontrol/>
		</file>
		<file>
			<source>system/workplace/resources/buttons/xmledit_del_add.png</source>
			<destination>system/workplace/resources/buttons/xmledit_del_add.png</destination>
			<type>image</type>
			<uuidresource>1bffa081-ba48-11da-8cb6-0df9507b543e</uuidresource>
			<datelastmodified>Mon, 27 Mar 2006 12:00:00 GMT</datelastmodified>
			<userlastmodified>Admin</userlastmodified>
			<datecreated>Thu, 23 Mar 2006 08:36:23 GMT</datecreated>
			<usercreated>Admin</usercreated>
			<flags>0</flags>
			<properties/>
			<accesscontrol/>
		</file>

		<file>
			<destination>system/workplace/resources/editors</destination>
			<type>folder</type>
			<datelastmodified>Mon, 27 Mar 2006 12:00:00 GMT</datelastmodified>
			<userlastmodified>Admin</userlastmodified>
			<datecreated>Mon, 27 Jun 2005 08:00:00 GMT</datecreated>
			<usercreated>Admin</usercreated>
			<flags>0</flags>
			<properties/>
			<accesscontrol/>
		</file>
		<file>
			<destination>system/workplace/resources/editors/simple</destination>
			<type>folder</type>
			<datelastmodified>Mon, 27 Mar 2006 12:00:00 GMT</datelastmodified>
			<userlastmodified>Admin</userlastmodified>
			<datecreated>Mon, 27 Jun 2005 08:00:00 GMT</datecreated>
			<usercreated>Admin</usercreated>
			<flags>0</flags>
			<properties/>
			<accesscontrol/>
		</file>
		<file>
			<destination>system/workplace/resources/editors/simple/edit.js</destination>
			<type>plain</type>
			<uuidresource>b13c382e-f03b-11d8-bd02-ddc4b68c493a</uuidresource>
			<datelastmodified>Mon, 27 Mar 2006 12:00:00 GMT</datelastmodified>
			<userlastmodified>Admin</userlastmodified>
			<datecreated>Mon, 27 Jun 2005 08:00:00 GMT</datecreated>
			<usercreated>Admin</usercreated>
			<flags>0</flags>
			<properties/>
			<accesscontrol/>
		</file>
		<file>
			<destination>system/workplace/resources/editors/simplehtml</destination>
			<type>folder</type>
			<datelastmodified>Mon, 27 Mar 2006 12:00:00 GMT</datelastmodified>
			<userlastmodified>Admin</userlastmodified>
			<datecreated>Mon, 27 Jun 2005 08:00:00 GMT</datecreated>
			<usercreated>Admin</usercreated>
			<flags>0</flags>
			<properties/>
			<accesscontrol/>
		</file>
		<file>
			<destination>system/workplace/resources/editors/simplehtml/edit.js</destination>
			<type>plain</type>
			<uuidresource>b6f00722-f03b-11d8-bd02-ddc4b68c493a</uuidresource>
			<datelastmodified>Mon, 27 Mar 2006 12:00:00 GMT</datelastmodified>
			<userlastmodified>Admin</userlastmodified>
			<datecreated>Mon, 27 Jun 2005 08:00:00 GMT</datecreated>
			<usercreated>Admin</usercreated>
			<flags>0</flags>
			<properties/>
			<accesscontrol/>
		</file>
		<file>
			<destination>system/workplace/resources/editors/xmlcontent</destination>
			<type>folder</type>
			<datelastmodified>Mon, 27 Mar 2006 12:00:00 GMT</datelastmodified>
			<userlastmodified>Admin</userlastmodified>
			<datecreated>Mon, 27 Jun 2005 08:00:00 GMT</datecreated>
			<usercreated>Admin</usercreated>
			<flags>0</flags>
			<properties/>
			<accesscontrol/>
		</file>
		<file>
			<destination>system/workplace/resources/editors/xmlcontent/edit.js</destination>
			<type>plain</type>
			<uuidresource>bc7dd786-f03b-11d8-bd02-ddc4b68c493a</uuidresource>
			<datelastmodified>Mon, 27 Mar 2006 12:00:00 GMT</datelastmodified>
			<userlastmodified>Admin</userlastmodified>
			<datecreated>Mon, 27 Jun 2005 08:00:00 GMT</datecreated>
			<usercreated>Admin</usercreated>
			<flags>0</flags>
			<properties/>
			<accesscontrol/>
		</file>
		<file>
			<source>system/workplace/resources/editors/xmlcontent/error.png</source>
			<destination>system/workplace/resources/editors/xmlcontent/error.png</destination>
			<type>image</type>
			<uuidresource>fec47bba-dcd3-11d9-b163-0fc796c4637a</uuidresource>
			<datelastmodified>Mon, 27 Mar 2006 12:00:00 GMT</datelastmodified>
			<userlastmodified>Admin</userlastmodified>
			<datecreated>Mon, 27 Jun 2005 08:00:00 GMT</datecreated>
			<usercreated>Admin</usercreated>
			<flags>0</flags>
			<properties/>
			<accesscontrol/>
		</file>
		<file>
			<destination>system/workplace/resources/editors/xmlcontent/help.js</destination>
			<type>plain</type>
			<uuidresource>b50b1e87-20e3-11d9-9b67-9f91734fb765</uuidresource>
			<datelastmodified>Mon, 27 Mar 2006 12:00:00 GMT</datelastmodified>
			<userlastmodified>Admin</userlastmodified>
			<datecreated>Mon, 27 Jun 2005 08:00:00 GMT</datecreated>
			<usercreated>Admin</usercreated>
			<flags>0</flags>
			<properties/>
			<accesscontrol/>
		</file>
		<file>
			<source>system/workplace/resources/editors/xmlcontent/warning.png</source>
			<destination>system/workplace/resources/editors/xmlcontent/warning.png</destination>
			<type>image</type>
			<uuidresource>fecda37d-dcd3-11d9-b163-0fc796c4637a</uuidresource>
			<datelastmodified>Mon, 27 Mar 2006 12:00:00 GMT</datelastmodified>
			<userlastmodified>Admin</userlastmodified>
			<datecreated>Mon, 27 Jun 2005 08:00:00 GMT</datecreated>
			<usercreated>Admin</usercreated>
			<flags>0</flags>
			<properties/>
			<accesscontrol/>
		</file>
	</files>
</export>
