<?xml version="1.0" encoding="UTF-8"?>

<export>
	<info>
		<creator>Admin</creator>
		<opencms_version>6.2.0</opencms_version>
		<createdate>Mon, 27 Jun 2005 08:00:00 GMT</createdate>
		<project>Offline</project>
		<export_version>4</export_version>
	</info>
	<module>
		<name>org.opencms.frontend.templateone.democontent</name>
		<nicename><![CDATA[OpenCms 6 Template One demo content]]></nicename>
		<group>Template One</group>
		<class/>
		<description><![CDATA[
<p>Contains example pages for usage of the OpenCms Template One.</p>
<p>Install this module if you are new to OpenCms and want to see what you can do with it.</p>
<p><i>(c) 2006 by Alkacon Software GmbH (http://www.alkacon.com).</i></p>
]]></description>
		<version>2.0.0</version>
		<authorname><![CDATA[Alkacon Software GmbH]]></authorname>
		<authoremail><![CDATA[info@alkacon.com]]></authoremail>
		<datecreated>Mon, 27 Jun 2005 08:00:00 GMT</datecreated>
		<userinstalled/>
		<dateinstalled/>
		<dependencies>
			<dependency name="org.opencms.frontend.templateone" version="2.0.0"/>
			<dependency name="org.opencms.frontend.templateone.form" version="2.0.0"/>
			<dependency name="org.opencms.frontend.photoalbum" version="1.0.0"/>
		</dependencies>
		<exportpoints/>
		<resources>
			<resource uri="/demopages/"/>
			<resource uri="/system/galleries/pics/alkacon-templateone/"/>
		</resources>
		<parameters/>
	</module>
	<files>
		<file>
			<destination>demopages</destination>
			<type>microsite</type>
			<datelastmodified>Mon, 27 Mar 2006 12:00:00 GMT</datelastmodified>
			<userlastmodified>Admin</userlastmodified>
			<datecreated>Mon, 27 Jun 2005 08:00:00 GMT</datecreated>
			<usercreated>Admin</usercreated>
			<flags>0</flags>
			<properties>
				<property>
					<name>locale</name>
					<value><![CDATA[en]]></value>
				</property>
				<property>
					<name>NavPos</name>
					<value><![CDATA[2.5]]></value>
				</property>
				<property>
					<name>style_head_img_uri</name>
					<value><![CDATA[/system/galleries/pics/ocms-templateone/head_img.jpg]]></value>
				</property>
				<property>
					<name>style_show_head_img</name>
					<value><![CDATA[true]]></value>
				</property>
				<property>
					<name>style_head_img_link</name>
					<value><![CDATA[/]]></value>
				</property>
				<property>
					<name>NavText</name>
					<value><![CDATA[Templateone Demo Pages]]></value>
				</property>
				<property>
					<name>template</name>
					<value><![CDATA[/system/modules/org.opencms.frontend.templateone/templates/main]]></value>
				</property>
				<property>
					<name>Title</name>
					<value><![CDATA[Templateone Demo Pages]]></value>
				</property>
				<property>
					<name>style_main_configpath</name>
					<value><![CDATA[/demopages/_configuration/]]></value>
				</property>
				<property>
					<name>properties_imprint</name>
					<value><![CDATA[/demopages/_configuration/imprint]]></value>
				</property>
				<property>
					<name>style_head_img_height</name>
					<value><![CDATA[50]]></value>
				</property>
			</properties>
			<accesscontrol/>
		</file>
		<file>
			<source>demopages/element.html</source>
			<destination>demopages/element.html</destination>
			<type>xmlpage</type>
			<uuidresource>6ab90729-0e30-11d9-b954-d95a698e1ef3</uuidresource>
			<datelastmodified>Mon, 27 Mar 2006 12:00:00 GMT</datelastmodified>
			<userlastmodified>Admin</userlastmodified>
			<datecreated>Mon, 27 Jun 2005 08:00:00 GMT</datecreated>
			<usercreated>Admin</usercreated>
			<flags>0</flags>
			<properties>
				<property>
					<name>NavPos</name>
					<value><![CDATA[1.0]]></value>
				</property>
				<property>
					<name>style_show_side</name>
					<value><![CDATA[true]]></value>
				</property>
				<property>
					<name>NavText</name>
					<value><![CDATA[Element demo]]></value>
				</property>
				<property>
					<name>template</name>
					<value><![CDATA[/system/modules/org.opencms.frontend.templateone/templates/main]]></value>
				</property>
				<property>
					<name>Title</name>
					<value><![CDATA[Page with 5 elements]]></value>
				</property>
				<property>
					<name>style_side_uri</name>
					<value><![CDATA[/demopages/side-elements/example.html]]></value>
				</property>
			</properties>
			<accesscontrol/>
		</file>
		<file>
			<source>demopages/index.html</source>
			<destination>demopages/index.html</destination>
			<type>xmlpage</type>
			<uuidresource>cd881ea1-0e2c-11d9-b954-d95a698e1ef3</uuidresource>
			<datelastmodified>Mon, 27 Mar 2006 12:00:00 GMT</datelastmodified>
			<userlastmodified>Admin</userlastmodified>
			<datecreated>Mon, 27 Jun 2005 08:00:00 GMT</datecreated>
			<usercreated>Admin</usercreated>
			<flags>0</flags>
			<properties>
				<property>
					<name>style_show_side</name>
					<value><![CDATA[true]]></value>
				</property>
				<property>
					<name>style_head_img_uri</name>
					<value><![CDATA[/system/galleries/pics/ocms-templateone/head_img.jpg]]></value>
				</property>
				<property>
					<name>template</name>
					<value><![CDATA[/system/modules/org.opencms.frontend.templateone/templates/main]]></value>
				</property>
				<property>
					<name>Title</name>
					<value><![CDATA[Templateone Start]]></value>
				</property>
				<property>
					<name>style_main_configpath</name>
					<value><![CDATA[/demopages/_configuration/]]></value>
				</property>
				<property>
					<name>style_side_uri</name>
					<value><![CDATA[/demopages/side-elements/startpage.html]]></value>
				</property>
				<property>
					<name>style_head_img_height</name>
					<value><![CDATA[50]]></value>
				</property>
			</properties>
			<accesscontrol/>
		</file>
		<file>
			<source>demopages/onlineform.html</source>
			<destination>demopages/onlineform.html</destination>
			<type>emailform</type>
			<uuidresource>daad87c3-81cb-11d9-a0db-db858f1793fe</uuidresource>
			<datelastmodified>Mon, 27 Mar 2006 12:00:00 GMT</datelastmodified>
			<userlastmodified>Admin</userlastmodified>
			<datecreated>Mon, 27 Jun 2005 08:00:00 GMT</datecreated>
			<usercreated>Admin</usercreated>
			<flags>0</flags>
			<properties>
				<property>
					<name>NavPos</name>
					<value><![CDATA[10]]></value>
				</property>
				<property>
					<name>template-elements</name>
					<value><![CDATA[/system/modules/org.opencms.frontend.templateone.form/pages/form.html]]></value>
				</property>
				<property>
					<name>NavText</name>
					<value><![CDATA[Contact form]]></value>
				</property>
				<property>
					<name>Title</name>
					<value><![CDATA[Contact form]]></value>
				</property>
			</properties>
			<accesscontrol/>
		</file>
		<file>
			<source>demopages/photoalbum.html</source>
			<destination>demopages/photoalbum.html</destination>
			<type>photoalbum</type>
			<uuidresource>8ed6acc1-995e-11da-8477-95fe2e6ae6eb</uuidresource>
			<datelastmodified>Mon, 27 Mar 2006 12:00:00 GMT</datelastmodified>
			<userlastmodified>Admin</userlastmodified>
			<datecreated>Thu, 09 Feb 2006 11:23:56 GMT</datecreated>
			<usercreated>Admin</usercreated>
			<flags>0</flags>
			<properties>
				<property>
					<name>NavPos</name>
					<value><![CDATA[12.0]]></value>
				</property>
				<property type="shared">
					<name>template-elements</name>
					<value><![CDATA[/system/modules/org.opencms.frontend.photoalbum/pages/album.html]]></value>
				</property>
				<property>
					<name>NavText</name>
					<value><![CDATA[Demo Photo album]]></value>
				</property>
				<property>
					<name>Title</name>
					<value><![CDATA[Demo Photo album]]></value>
				</property>
			</properties>
			<accesscontrol/>
		</file>
		<file>
			<source>demopages/reduced.html</source>
			<destination>demopages/reduced.html</destination>
			<type>xmlpage</type>
			<uuidresource>bd63de8e-0e33-11d9-b954-d95a698e1ef3</uuidresource>
			<datelastmodified>Mon, 27 Mar 2006 12:00:00 GMT</datelastmodified>
			<userlastmodified>Admin</userlastmodified>
			<datecreated>Mon, 27 Jun 2005 08:00:00 GMT</datecreated>
			<usercreated>Admin</usercreated>
			<flags>0</flags>
			<properties>
				<property>
					<name>NavPos</name>
					<value><![CDATA[11.0]]></value>
				</property>
				<property>
					<name>style_show_head_nav</name>
					<value><![CDATA[false]]></value>
				</property>
				<property>
					<name>style_show_head_links</name>
					<value><![CDATA[false]]></value>
				</property>
				<property>
					<name>NavText</name>
					<value><![CDATA[Reduced menu page]]></value>
				</property>
				<property>
					<name>template</name>
					<value><![CDATA[/system/modules/org.opencms.frontend.templateone/templates/main]]></value>
				</property>
				<property>
					<name>Title</name>
					<value><![CDATA[Reduced menu page]]></value>
				</property>
			</properties>
			<accesscontrol/>
		</file>
		<file>
			<source>demopages/utf-8.html</source>
			<destination>demopages/utf-8.html</destination>
			<type>xmlpage</type>
			<uuidresource>6e1da749-113b-11d9-831f-b70b5b3477aa</uuidresource>
			<datelastmodified>Mon, 27 Mar 2006 12:00:00 GMT</datelastmodified>
			<userlastmodified>Admin</userlastmodified>
			<datecreated>Mon, 27 Jun 2005 08:00:00 GMT</datecreated>
			<usercreated>Admin</usercreated>
			<flags>0</flags>
			<properties>
				<property>
					<name>content-encoding</name>
					<value><![CDATA[UTF-8]]></value>
				</property>
				<property>
					<name>NavPos</name>
					<value><![CDATA[10]]></value>
				</property>
				<property>
					<name>NavText</name>
					<value><![CDATA[UTF-8 demo]]></value>
				</property>
				<property>
					<name>template</name>
					<value><![CDATA[/system/modules/org.opencms.frontend.templateone/templates/main]]></value>
				</property>
				<property>
					<name>Title</name>
					<value><![CDATA[UTF-8 Demo: ՕՓԸՆՑՄՍ Հոյակապ է]]></value>
				</property>
			</properties>
			<accesscontrol/>
		</file>
		<file>
			<destination>demopages/_configuration</destination>
			<type>folder</type>
			<datelastmodified>Mon, 27 Mar 2006 12:00:00 GMT</datelastmodified>
			<userlastmodified>Admin</userlastmodified>
			<datecreated>Mon, 27 Jun 2005 08:00:00 GMT</datecreated>
			<usercreated>Admin</usercreated>
			<flags>0</flags>
			<properties>
				<property>
					<name>Title</name>
					<value><![CDATA[Template configuration]]></value>
				</property>
			</properties>
			<accesscontrol/>
		</file>
		<file>
			<source>demopages/_configuration/configuration_common</source>
			<destination>demopages/_configuration/configuration_common</destination>
			<type>xmlcontent</type>
			<uuidresource>735afc57-2697-11d9-a19f-c3fd5bc87fcc</uuidresource>
			<datelastmodified>Mon, 27 Mar 2006 12:00:00 GMT</datelastmodified>
			<userlastmodified>Admin</userlastmodified>
			<datecreated>Mon, 27 Jun 2005 08:00:00 GMT</datecreated>
			<usercreated>Admin</usercreated>
			<flags>512</flags>
			<properties>
				<property>
					<name>Title</name>
					<value><![CDATA[Common configuration]]></value>
				</property>
			</properties>
			<accesscontrol/>
		</file>
		<file>
			<source>demopages/_configuration/configuration_css</source>
			<destination>demopages/_configuration/configuration_css</destination>
			<type>xmlcontent</type>
			<uuidresource>a9f19082-1dbf-11d9-828b-95b5e57c814c</uuidresource>
			<datelastmodified>Mon, 27 Mar 2006 12:00:00 GMT</datelastmodified>
			<userlastmodified>Admin</userlastmodified>
			<datecreated>Mon, 27 Jun 2005 08:00:00 GMT</datecreated>
			<usercreated>Admin</usercreated>
			<flags>512</flags>
			<properties>
				<property>
					<name>Title</name>
					<value><![CDATA[CSS style sheet]]></value>
				</property>
			</properties>
			<accesscontrol/>
		</file>
		<file>
			<source>demopages/_configuration/configuration_links</source>
			<destination>demopages/_configuration/configuration_links</destination>
			<type>xmlcontent</type>
			<uuidresource>2dfec389-1dbf-11d9-828b-95b5e57c814c</uuidresource>
			<datelastmodified>Mon, 27 Mar 2006 12:00:00 GMT</datelastmodified>
			<userlastmodified>Admin</userlastmodified>
			<datecreated>Mon, 27 Jun 2005 08:00:00 GMT</datecreated>
			<usercreated>Admin</usercreated>
			<flags>512</flags>
			<properties>
				<property>
					<name>Title</name>
					<value><![CDATA[Head links]]></value>
				</property>
			</properties>
			<accesscontrol/>
		</file>
		<file>
			<source>demopages/_configuration/imprint</source>
			<destination>demopages/_configuration/imprint</destination>
			<type>xmlcontent</type>
			<uuidresource>d4920099-1dbe-11d9-828b-95b5e57c814c</uuidresource>
			<datelastmodified>Mon, 27 Mar 2006 12:00:00 GMT</datelastmodified>
			<userlastmodified>Admin</userlastmodified>
			<datecreated>Mon, 27 Jun 2005 08:00:00 GMT</datecreated>
			<usercreated>Admin</usercreated>
			<flags>512</flags>
			<properties>
				<property>
					<name>content-encoding</name>
					<value><![CDATA[UTF-8]]></value>
				</property>
				<property>
					<name>Title</name>
					<value><![CDATA[Imprint]]></value>
				</property>
			</properties>
			<accesscontrol/>
		</file>
		<file>
			<destination>demopages/configuration</destination>
			<type>folder</type>
			<datelastmodified>Mon, 27 Mar 2006 12:00:00 GMT</datelastmodified>
			<userlastmodified>Admin</userlastmodified>
			<datecreated>Mon, 27 Jun 2005 08:00:00 GMT</datecreated>
			<usercreated>Admin</usercreated>
			<flags>0</flags>
			<properties>
				<property>
					<name>NavPos</name>
					<value><![CDATA[0.5]]></value>
				</property>
				<property>
					<name>NavText</name>
					<value><![CDATA[Templateone configuration]]></value>
				</property>
				<property>
					<name>Title</name>
					<value><![CDATA[Templateone configuration]]></value>
				</property>
				<property>
					<name>style_side_uri</name>
					<value><![CDATA[/demopages/side-elements/example.html]]></value>
				</property>
			</properties>
			<accesscontrol/>
		</file>
		<file>
			<source>demopages/configuration/configfiles.html</source>
			<destination>demopages/configuration/configfiles.html</destination>
			<type>xmlpage</type>
			<uuidresource>6cf20449-e809-11d9-b6a3-45827a23a0d1</uuidresource>
			<datelastmodified>Mon, 27 Mar 2006 12:00:00 GMT</datelastmodified>
			<userlastmodified>Admin</userlastmodified>
			<datecreated>Mon, 27 Jun 2005 08:00:00 GMT</datecreated>
			<usercreated>Admin</usercreated>
			<flags>0</flags>
			<properties>
				<property>
					<name>NavPos</name>
					<value><![CDATA[1.0]]></value>
				</property>
				<property>
					<name>template</name>
					<value><![CDATA[/system/modules/org.opencms.frontend.templateone/templates/main]]></value>
				</property>
				<property>
					<name>NavText</name>
					<value><![CDATA[Configuration files]]></value>
				</property>
				<property>
					<name>Title</name>
					<value><![CDATA[Configuration files]]></value>
				</property>
			</properties>
			<accesscontrol/>
		</file>
		<file>
			<source>demopages/configuration/index.html</source>
			<destination>demopages/configuration/index.html</destination>
			<type>xmlpage</type>
			<uuidresource>1c2701da-e801-11d9-b6a3-45827a23a0d1</uuidresource>
			<datelastmodified>Mon, 27 Mar 2006 12:00:00 GMT</datelastmodified>
			<userlastmodified>Admin</userlastmodified>
			<datecreated>Mon, 27 Jun 2005 08:00:00 GMT</datecreated>
			<usercreated>Admin</usercreated>
			<flags>0</flags>
			<properties>
				<property>
					<name>template</name>
					<value><![CDATA[/system/modules/org.opencms.frontend.templateone/templates/main]]></value>
				</property>
				<property>
					<name>Title</name>
					<value><![CDATA[Features]]></value>
				</property>
			</properties>
			<accesscontrol/>
		</file>
		<file>
			<destination>demopages/languagedemo</destination>
			<type>folder</type>
			<datelastmodified>Mon, 27 Mar 2006 12:00:00 GMT</datelastmodified>
			<userlastmodified>Admin</userlastmodified>
			<datecreated>Mon, 27 Jun 2005 08:00:00 GMT</datecreated>
			<usercreated>Admin</usercreated>
			<flags>0</flags>
			<properties>
				<property>
					<name>NavPos</name>
					<value><![CDATA[6.5]]></value>
				</property>
				<property>
					<name>default-file</name>
					<value><![CDATA[en_page.html]]></value>
				</property>
				<property>
					<name>NavText</name>
					<value><![CDATA[Multilanguage demo]]></value>
				</property>
				<property>
					<name>Title</name>
					<value><![CDATA[Language demo pages]]></value>
				</property>
			</properties>
			<accesscontrol/>
		</file>
		<file>
			<source>demopages/languagedemo/de_page.html</source>
			<destination>demopages/languagedemo/de_page.html</destination>
			<type>xmlpage</type>
			<uuidresource>2b4f4ff7-1164-11d9-831f-b70b5b3477aa</uuidresource>
			<datelastmodified>Mon, 27 Mar 2006 12:00:00 GMT</datelastmodified>
			<userlastmodified>Admin</userlastmodified>
			<datecreated>Mon, 27 Jun 2005 08:00:00 GMT</datecreated>
			<usercreated>Admin</usercreated>
			<flags>0</flags>
			<properties>
				<property>
					<name>locale</name>
					<value><![CDATA[de]]></value>
				</property>
				<property>
					<name>NavPos</name>
					<value><![CDATA[3.0]]></value>
				</property>
				<property>
					<name>NavText</name>
					<value><![CDATA[Deutsche Seite]]></value>
				</property>
				<property>
					<name>template</name>
					<value><![CDATA[/system/modules/org.opencms.frontend.templateone/templates/main]]></value>
				</property>
				<property>
					<name>Title</name>
					<value><![CDATA[Deutsche Seite]]></value>
				</property>
			</properties>
			<accesscontrol/>
		</file>
		<file>
			<destination>demopages/languagedemo/en_page.html</destination>
			<type>xmlpage</type>
			<uuidresource>2b4f4ff7-1164-11d9-831f-b70b5b3477aa</uuidresource>
			<datelastmodified>Mon, 27 Mar 2006 12:00:00 GMT</datelastmodified>
			<userlastmodified>Admin</userlastmodified>
			<datecreated>Mon, 27 Jun 2005 08:00:00 GMT</datecreated>
			<usercreated>Admin</usercreated>
			<flags>0</flags>
			<properties>
				<property>
					<name>locale</name>
					<value><![CDATA[en]]></value>
				</property>
				<property>
					<name>NavPos</name>
					<value><![CDATA[2.0]]></value>
				</property>
				<property>
					<name>NavText</name>
					<value><![CDATA[English page]]></value>
				</property>
				<property>
					<name>template</name>
					<value><![CDATA[/system/modules/org.opencms.frontend.templateone/templates/main]]></value>
				</property>
				<property>
					<name>Title</name>
					<value><![CDATA[English page]]></value>
				</property>
			</properties>
			<accesscontrol/>
		</file>
		<file>
			<destination>demopages/photoalbum</destination>
			<type>imagegallery</type>
			<datelastmodified>Mon, 27 Mar 2006 12:00:00 GMT</datelastmodified>
			<userlastmodified>Admin</userlastmodified>
			<datecreated>Thu, 09 Feb 2006 11:25:16 GMT</datecreated>
			<usercreated>Admin</usercreated>
			<flags>0</flags>
			<properties>
				<property>
					<name>Title</name>
					<value><![CDATA[Demo images photoalbum]]></value>
				</property>
			</properties>
			<accesscontrol/>
		</file>
		<file>
			<source>demopages/photoalbum/img_001.jpg</source>
			<destination>demopages/photoalbum/img_001.jpg</destination>
			<type>image</type>
			<uuidresource>78b746d5-9963-11da-8477-95fe2e6ae6eb</uuidresource>
			<datelastmodified>Mon, 27 Mar 2006 12:00:00 GMT</datelastmodified>
			<userlastmodified>Admin</userlastmodified>
			<datecreated>Thu, 09 Feb 2006 11:59:06 GMT</datecreated>
			<usercreated>Admin</usercreated>
			<flags>0</flags>
			<properties>
				<property>
					<name>Title</name>
					<value><![CDATA[Terschelling 1]]></value>
				</property>
				<property type="shared">
					<name>image.size</name>
					<value><![CDATA[w:800,h:600]]></value>
				</property>
			</properties>
			<accesscontrol/>
		</file>
		<file>
			<source>demopages/photoalbum/img_002.jpg</source>
			<destination>demopages/photoalbum/img_002.jpg</destination>
			<type>image</type>
			<uuidresource>7976511a-9963-11da-8477-95fe2e6ae6eb</uuidresource>
			<datelastmodified>Mon, 27 Mar 2006 12:00:00 GMT</datelastmodified>
			<userlastmodified>Admin</userlastmodified>
			<datecreated>Thu, 09 Feb 2006 11:59:07 GMT</datecreated>
			<usercreated>Admin</usercreated>
			<flags>0</flags>
			<properties>
				<property>
					<name>Title</name>
					<value><![CDATA[Terschelling 2]]></value>
				</property>
				<property type="shared">
					<name>image.size</name>
					<value><![CDATA[w:800,h:600]]></value>
				</property>
			</properties>
			<accesscontrol/>
		</file>
		<file>
			<source>demopages/photoalbum/img_003.jpg</source>
			<destination>demopages/photoalbum/img_003.jpg</destination>
			<type>image</type>
			<uuidresource>7a0daf1f-9963-11da-8477-95fe2e6ae6eb</uuidresource>
			<datelastmodified>Mon, 27 Mar 2006 12:00:00 GMT</datelastmodified>
			<userlastmodified>Admin</userlastmodified>
			<datecreated>Thu, 09 Feb 2006 11:59:08 GMT</datecreated>
			<usercreated>Admin</usercreated>
			<flags>0</flags>
			<properties>
				<property>
					<name>Title</name>
					<value><![CDATA[Terschelling 3]]></value>
				</property>
				<property type="shared">
					<name>image.size</name>
					<value><![CDATA[w:800,h:600]]></value>
				</property>
			</properties>
			<accesscontrol/>
		</file>
		<file>
			<source>demopages/photoalbum/img_004.jpg</source>
			<destination>demopages/photoalbum/img_004.jpg</destination>
			<type>image</type>
			<uuidresource>7a619b84-9963-11da-8477-95fe2e6ae6eb</uuidresource>
			<datelastmodified>Mon, 27 Mar 2006 12:00:00 GMT</datelastmodified>
			<userlastmodified>Admin</userlastmodified>
			<datecreated>Thu, 09 Feb 2006 11:59:09 GMT</datecreated>
			<usercreated>Admin</usercreated>
			<flags>0</flags>
			<properties>
				<property>
					<name>Title</name>
					<value><![CDATA[Lago di Garda 1]]></value>
				</property>
				<property type="shared">
					<name>image.size</name>
					<value><![CDATA[w:800,h:600]]></value>
				</property>
			</properties>
			<accesscontrol/>
		</file>
		<file>
			<source>demopages/photoalbum/img_005.jpg</source>
			<destination>demopages/photoalbum/img_005.jpg</destination>
			<type>image</type>
			<uuidresource>7aecc489-9963-11da-8477-95fe2e6ae6eb</uuidresource>
			<datelastmodified>Mon, 27 Mar 2006 12:00:00 GMT</datelastmodified>
			<userlastmodified>Admin</userlastmodified>
			<datecreated>Thu, 09 Feb 2006 11:59:10 GMT</datecreated>
			<usercreated>Admin</usercreated>
			<flags>0</flags>
			<properties>
				<property>
					<name>Title</name>
					<value><![CDATA[Lago di Garda 2]]></value>
				</property>
				<property type="shared">
					<name>image.size</name>
					<value><![CDATA[w:800,h:600]]></value>
				</property>
			</properties>
			<accesscontrol/>
		</file>
		<file>
			<source>demopages/photoalbum/img_006.jpg</source>
			<destination>demopages/photoalbum/img_006.jpg</destination>
			<type>image</type>
			<uuidresource>7b763fde-9963-11da-8477-95fe2e6ae6eb</uuidresource>
			<datelastmodified>Mon, 27 Mar 2006 12:00:00 GMT</datelastmodified>
			<userlastmodified>Admin</userlastmodified>
			<datecreated>Thu, 09 Feb 2006 11:59:11 GMT</datecreated>
			<usercreated>Admin</usercreated>
			<flags>0</flags>
			<properties>
				<property>
					<name>Title</name>
					<value><![CDATA[Lago di Garda 3]]></value>
				</property>
				<property type="shared">
					<name>image.size</name>
					<value><![CDATA[w:800,h:600]]></value>
				</property>
			</properties>
			<accesscontrol/>
		</file>
		<file>
			<source>demopages/photoalbum/img_007.jpg</source>
			<destination>demopages/photoalbum/img_007.jpg</destination>
			<type>image</type>
			<uuidresource>7bffbb33-9963-11da-8477-95fe2e6ae6eb</uuidresource>
			<datelastmodified>Mon, 27 Mar 2006 12:00:00 GMT</datelastmodified>
			<userlastmodified>Admin</userlastmodified>
			<datecreated>Thu, 09 Feb 2006 11:59:12 GMT</datecreated>
			<usercreated>Admin</usercreated>
			<flags>0</flags>
			<properties>
				<property>
					<name>Title</name>
					<value><![CDATA[Lago di Garda 4]]></value>
				</property>
				<property type="shared">
					<name>image.size</name>
					<value><![CDATA[w:800,h:600]]></value>
				</property>
			</properties>
			<accesscontrol/>
		</file>
		<file>
			<source>demopages/photoalbum/img_008.jpg</source>
			<destination>demopages/photoalbum/img_008.jpg</destination>
			<type>image</type>
			<uuidresource>7c5e7d08-9963-11da-8477-95fe2e6ae6eb</uuidresource>
			<datelastmodified>Mon, 27 Mar 2006 12:00:00 GMT</datelastmodified>
			<userlastmodified>Admin</userlastmodified>
			<datecreated>Thu, 09 Feb 2006 11:59:12 GMT</datecreated>
			<usercreated>Admin</usercreated>
			<flags>0</flags>
			<properties>
				<property>
					<name>Title</name>
					<value><![CDATA[Tenerife 1]]></value>
				</property>
				<property type="shared">
					<name>image.size</name>
					<value><![CDATA[w:800,h:600]]></value>
				</property>
			</properties>
			<accesscontrol/>
		</file>
		<file>
			<source>demopages/photoalbum/img_009.jpg</source>
			<destination>demopages/photoalbum/img_009.jpg</destination>
			<type>image</type>
			<uuidresource>7cd8b61d-9963-11da-8477-95fe2e6ae6eb</uuidresource>
			<datelastmodified>Mon, 27 Mar 2006 12:00:00 GMT</datelastmodified>
			<userlastmodified>Admin</userlastmodified>
			<datecreated>Thu, 09 Feb 2006 11:59:13 GMT</datecreated>
			<usercreated>Admin</usercreated>
			<flags>0</flags>
			<properties>
				<property>
					<name>Title</name>
					<value><![CDATA[Tenerife 2]]></value>
				</property>
				<property type="shared">
					<name>image.size</name>
					<value><![CDATA[w:800,h:600]]></value>
				</property>
			</properties>
			<accesscontrol/>
		</file>
		<file>
			<source>demopages/photoalbum/img_010.jpg</source>
			<destination>demopages/photoalbum/img_010.jpg</destination>
			<type>image</type>
			<uuidresource>7d4e5b52-9963-11da-8477-95fe2e6ae6eb</uuidresource>
			<datelastmodified>Mon, 27 Mar 2006 12:00:00 GMT</datelastmodified>
			<userlastmodified>Admin</userlastmodified>
			<datecreated>Thu, 09 Feb 2006 11:59:14 GMT</datecreated>
			<usercreated>Admin</usercreated>
			<flags>0</flags>
			<properties>
				<property>
					<name>Title</name>
					<value><![CDATA[Tenerife 3]]></value>
				</property>
				<property type="shared">
					<name>image.size</name>
					<value><![CDATA[w:800,h:600]]></value>
				</property>
			</properties>
			<accesscontrol/>
		</file>
		<file>
			<source>demopages/photoalbum/img_011.jpg</source>
			<destination>demopages/photoalbum/img_011.jpg</destination>
			<type>image</type>
			<uuidresource>7e33b247-9963-11da-8477-95fe2e6ae6eb</uuidresource>
			<datelastmodified>Mon, 27 Mar 2006 12:00:00 GMT</datelastmodified>
			<userlastmodified>Admin</userlastmodified>
			<datecreated>Thu, 09 Feb 2006 11:59:15 GMT</datecreated>
			<usercreated>Admin</usercreated>
			<flags>0</flags>
			<properties>
				<property>
					<name>Title</name>
					<value><![CDATA[Tenerife 4]]></value>
				</property>
				<property type="shared">
					<name>image.size</name>
					<value><![CDATA[w:800,h:600]]></value>
				</property>
			</properties>
			<accesscontrol/>
		</file>
		<file>
			<source>demopages/photoalbum/img_012.jpg</source>
			<destination>demopages/photoalbum/img_012.jpg</destination>
			<type>image</type>
			<uuidresource>7eb0f89c-9963-11da-8477-95fe2e6ae6eb</uuidresource>
			<datelastmodified>Mon, 27 Mar 2006 12:00:00 GMT</datelastmodified>
			<userlastmodified>Admin</userlastmodified>
			<datecreated>Thu, 09 Feb 2006 11:59:16 GMT</datecreated>
			<usercreated>Admin</usercreated>
			<flags>0</flags>
			<properties>
				<property>
					<name>Title</name>
					<value><![CDATA[Tenerife 5]]></value>
				</property>
				<property type="shared">
					<name>image.size</name>
					<value><![CDATA[w:800,h:600]]></value>
				</property>
			</properties>
			<accesscontrol/>
		</file>
		<file>
			<source>demopages/photoalbum/img_013.jpg</source>
			<destination>demopages/photoalbum/img_013.jpg</destination>
			<type>image</type>
			<uuidresource>7ed103c1-9963-11da-8477-95fe2e6ae6eb</uuidresource>
			<datelastmodified>Mon, 27 Mar 2006 12:00:00 GMT</datelastmodified>
			<userlastmodified>Admin</userlastmodified>
			<datecreated>Thu, 09 Feb 2006 11:59:16 GMT</datecreated>
			<usercreated>Admin</usercreated>
			<flags>0</flags>
			<properties>
				<property>
					<name>Title</name>
					<value><![CDATA[Fiji 1]]></value>
				</property>
				<property type="shared">
					<name>image.size</name>
					<value><![CDATA[w:800,h:600]]></value>
				</property>
			</properties>
			<accesscontrol/>
		</file>
		<file>
			<source>demopages/photoalbum/img_014.jpg</source>
			<destination>demopages/photoalbum/img_014.jpg</destination>
			<type>image</type>
			<uuidresource>7ee4d9e6-9963-11da-8477-95fe2e6ae6eb</uuidresource>
			<datelastmodified>Mon, 27 Mar 2006 12:00:00 GMT</datelastmodified>
			<userlastmodified>Admin</userlastmodified>
			<datecreated>Thu, 09 Feb 2006 11:59:17 GMT</datecreated>
			<usercreated>Admin</usercreated>
			<flags>0</flags>
			<properties>
				<property>
					<name>Title</name>
					<value><![CDATA[Fiji 2]]></value>
				</property>
				<property type="shared">
					<name>image.size</name>
					<value><![CDATA[w:800,h:600]]></value>
				</property>
			</properties>
			<accesscontrol/>
		</file>
		<file>
			<source>demopages/photoalbum/img_015.jpg</source>
			<destination>demopages/photoalbum/img_015.jpg</destination>
			<type>image</type>
			<uuidresource>7efbe45b-9963-11da-8477-95fe2e6ae6eb</uuidresource>
			<datelastmodified>Mon, 27 Mar 2006 12:00:00 GMT</datelastmodified>
			<userlastmodified>Admin</userlastmodified>
			<datecreated>Thu, 09 Feb 2006 11:59:17 GMT</datecreated>
			<usercreated>Admin</usercreated>
			<flags>0</flags>
			<properties>
				<property>
					<name>Title</name>
					<value><![CDATA[Fiji 3]]></value>
				</property>
				<property type="shared">
					<name>image.size</name>
					<value><![CDATA[w:800,h:600]]></value>
				</property>
			</properties>
			<accesscontrol/>
		</file>
		<file>
			<source>demopages/photoalbum/img_016.jpg</source>
			<destination>demopages/photoalbum/img_016.jpg</destination>
			<type>image</type>
			<uuidresource>7f15d500-9963-11da-8477-95fe2e6ae6eb</uuidresource>
			<datelastmodified>Mon, 27 Mar 2006 12:00:00 GMT</datelastmodified>
			<userlastmodified>Admin</userlastmodified>
			<datecreated>Thu, 09 Feb 2006 11:59:17 GMT</datecreated>
			<usercreated>Admin</usercreated>
			<flags>0</flags>
			<properties>
				<property>
					<name>Title</name>
					<value><![CDATA[Fiji 4]]></value>
				</property>
				<property type="shared">
					<name>image.size</name>
					<value><![CDATA[w:800,h:600]]></value>
				</property>
			</properties>
			<accesscontrol/>
		</file>
		<file>
			<source>demopages/photoalbum/img_017.jpg</source>
			<destination>demopages/photoalbum/img_017.jpg</destination>
			<type>image</type>
			<uuidresource>7f35e025-9963-11da-8477-95fe2e6ae6eb</uuidresource>
			<datelastmodified>Mon, 27 Mar 2006 12:00:00 GMT</datelastmodified>
			<userlastmodified>Admin</userlastmodified>
			<datecreated>Thu, 09 Feb 2006 11:59:17 GMT</datecreated>
			<usercreated>Admin</usercreated>
			<flags>0</flags>
			<properties>
				<property>
					<name>Title</name>
					<value><![CDATA[Fiji 5]]></value>
				</property>
				<property type="shared">
					<name>image.size</name>
					<value><![CDATA[w:800,h:600]]></value>
				</property>
			</properties>
			<accesscontrol/>
		</file>
		<file>
			<source>demopages/photoalbum/img_018.jpg</source>
			<destination>demopages/photoalbum/img_018.jpg</destination>
			<type>image</type>
			<uuidresource>7f5464aa-9963-11da-8477-95fe2e6ae6eb</uuidresource>
			<datelastmodified>Mon, 27 Mar 2006 12:00:00 GMT</datelastmodified>
			<userlastmodified>Admin</userlastmodified>
			<datecreated>Thu, 09 Feb 2006 11:59:17 GMT</datecreated>
			<usercreated>Admin</usercreated>
			<flags>0</flags>
			<properties>
				<property>
					<name>Title</name>
					<value><![CDATA[Fiji 6]]></value>
				</property>
				<property type="shared">
					<name>image.size</name>
					<value><![CDATA[w:800,h:600]]></value>
				</property>
			</properties>
			<accesscontrol/>
		</file>
		<file>
			<destination>demopages/search-demo</destination>
			<type>folder</type>
			<datelastmodified>Mon, 27 Mar 2006 12:00:00 GMT</datelastmodified>
			<userlastmodified>Admin</userlastmodified>
			<datecreated>Mon, 27 Jun 2005 08:00:00 GMT</datecreated>
			<usercreated>Admin</usercreated>
			<flags>0</flags>
			<properties>
				<property>
					<name>NavPos</name>
					<value><![CDATA[2.5]]></value>
				</property>
				<property>
					<name>NavText</name>
					<value><![CDATA[Search demonstration]]></value>
				</property>
				<property>
					<name>Title</name>
					<value><![CDATA[Search demonstration documents]]></value>
				</property>
			</properties>
			<accesscontrol/>
		</file>
		<file>
			<source>demopages/search-demo/index.html</source>
			<destination>demopages/search-demo/index.html</destination>
			<type>xmlpage</type>
			<uuidresource>d1532b51-0e3e-11d9-b954-d95a698e1ef3</uuidresource>
			<datelastmodified>Mon, 27 Mar 2006 12:00:00 GMT</datelastmodified>
			<userlastmodified>Admin</userlastmodified>
			<datecreated>Mon, 27 Jun 2005 08:00:00 GMT</datecreated>
			<usercreated>Admin</usercreated>
			<flags>0</flags>
			<properties>
				<property>
					<name>template</name>
					<value><![CDATA[/system/modules/org.opencms.frontend.templateone/templates/main]]></value>
				</property>
				<property>
					<name>Title</name>
					<value><![CDATA[Search demonstration]]></value>
				</property>
			</properties>
			<accesscontrol/>
		</file>
		<file>
			<destination>demopages/search-demo/example-documents</destination>
			<type>downloadgallery</type>
			<datelastmodified>Mon, 27 Mar 2006 12:00:00 GMT</datelastmodified>
			<userlastmodified>Admin</userlastmodified>
			<datecreated>Mon, 27 Jun 2005 08:00:00 GMT</datecreated>
			<usercreated>Admin</usercreated>
			<flags>0</flags>
			<properties>
				<property>
					<name>Title</name>
					<value><![CDATA[Example Documents for the Search]]></value>
				</property>
			</properties>
			<accesscontrol/>
		</file>
		<file>
			<source>demopages/search-demo/example-documents/excelsheet.xls</source>
			<destination>demopages/search-demo/example-documents/excelsheet.xls</destination>
			<type>binary</type>
			<uuidresource>c6155c85-0e3e-11d9-b954-d95a698e1ef3</uuidresource>
			<datelastmodified>Mon, 27 Mar 2006 12:00:00 GMT</datelastmodified>
			<userlastmodified>Admin</userlastmodified>
			<datecreated>Mon, 27 Jun 2005 08:00:00 GMT</datecreated>
			<usercreated>Admin</usercreated>
			<flags>0</flags>
			<properties>
				<property>
					<name>Description</name>
					<value><![CDATA[This is an example Excel sheet]]></value>
				</property>
				<property>
					<name>Title</name>
					<value><![CDATA[Example Excel Sheet]]></value>
				</property>
			</properties>
			<accesscontrol/>
		</file>
		<file>
			<source>demopages/search-demo/example-documents/Alkacon_OpenCms_6_Business.pdf</source>
			<destination>demopages/search-demo/example-documents/Alkacon_OpenCms_6_Business.pdf</destination>
			<type>binary</type>
			<uuidresource>89c0c6e0-2741-11d9-b67d-1fd2a335da0f</uuidresource>
			<datelastmodified>Mon, 27 Mar 2006 12:00:00 GMT</datelastmodified>
			<userlastmodified>Admin</userlastmodified>
			<datecreated>Thu, 23 Mar 2006 14:00:00 GMT</datecreated>
			<usercreated>Admin</usercreated>
			<flags>0</flags>
			<properties>
				<property>
					<name>Title</name>
					<value><![CDATA[Alkacon OpenCms 6 business presentation]]></value>
				</property>
			</properties>
			<accesscontrol/>
		</file>
		<file>
			<source>demopages/search-demo/example-documents/Alkacon_OpenCms_6_Technical.pdf</source>
			<destination>demopages/search-demo/example-documents/Alkacon_OpenCms_6_Technical.pdf</destination>
			<type>binary</type>
			<uuidresource>f3c7cc5d-ba6d-11da-b3ac-9964a7a1b508</uuidresource>
			<datelastmodified>Mon, 27 Mar 2006 12:00:00 GMT</datelastmodified>
			<userlastmodified>Admin</userlastmodified>
			<datecreated>Thu, 23 Mar 2006 14:00:00 GMT</datecreated>
			<usercreated>Admin</usercreated>
			<flags>0</flags>
			<properties>
				<property>
					<name>Title</name>
					<value><![CDATA[Alkacon OpenCms 6 technical presentation]]></value>
				</property>
			</properties>
			<accesscontrol/>
		</file>
		<file>
			<source>demopages/search-demo/example-documents/TN_0027_OpenCms_Workplace_structure.pdf</source>
			<destination>demopages/search-demo/example-documents/TN_0027_OpenCms_Workplace_structure.pdf</destination>
			<type>binary</type>
			<uuidresource>c66418ce-0e3e-11d9-b954-d95a698e1ef3</uuidresource>
			<datelastmodified>Mon, 27 Mar 2006 12:00:00 GMT</datelastmodified>
			<userlastmodified>Admin</userlastmodified>
			<datecreated>Mon, 27 Jun 2005 08:00:00 GMT</datecreated>
			<usercreated>Admin</usercreated>
			<flags>0</flags>
			<properties>
				<property>
					<name>Description</name>
					<value><![CDATA[An example PDF for the Lucene search]]></value>
				</property>
				<property>
					<name>Title</name>
					<value><![CDATA[OpenCms technote (PDF)]]></value>
				</property>
			</properties>
			<accesscontrol/>
		</file>
		<file>
			<source>demopages/search-demo/example-documents/wordtestdocument.doc</source>
			<destination>demopages/search-demo/example-documents/wordtestdocument.doc</destination>
			<type>binary</type>
			<uuidresource>c636c73b-0e3e-11d9-b954-d95a698e1ef3</uuidresource>
			<datelastmodified>Mon, 27 Mar 2006 12:00:00 GMT</datelastmodified>
			<userlastmodified>Admin</userlastmodified>
			<datecreated>Mon, 27 Jun 2005 08:00:00 GMT</datecreated>
			<usercreated>Admin</usercreated>
			<flags>0</flags>
			<properties>
				<property>
					<name>Description</name>
					<value><![CDATA[An example Word document for the Lucene search]]></value>
				</property>
				<property>
					<name>Title</name>
					<value><![CDATA[Example Word document]]></value>
				</property>
			</properties>
			<accesscontrol/>
		</file>
		<file>
			<destination>demopages/side-elements</destination>
			<type>folder</type>
			<datelastmodified>Mon, 27 Mar 2006 12:00:00 GMT</datelastmodified>
			<userlastmodified>Admin</userlastmodified>
			<datecreated>Mon, 27 Jun 2005 08:00:00 GMT</datecreated>
			<usercreated>Admin</usercreated>
			<flags>0</flags>
			<properties>
				<property>
					<name>Title</name>
					<value><![CDATA[Side elements]]></value>
				</property>
			</properties>
			<accesscontrol/>
		</file>
		<file>
			<source>demopages/side-elements/example.html</source>
			<destination>demopages/side-elements/example.html</destination>
			<type>xmlpage</type>
			<uuidresource>e39b1c8a-0e31-11d9-b954-d95a698e1ef3</uuidresource>
			<datelastmodified>Mon, 27 Mar 2006 12:00:00 GMT</datelastmodified>
			<userlastmodified>Admin</userlastmodified>
			<datecreated>Mon, 27 Jun 2005 08:00:00 GMT</datecreated>
			<usercreated>Admin</usercreated>
			<flags>0</flags>
			<properties>
				<property>
					<name>template</name>
					<value><![CDATA[/system/modules/org.opencms.frontend.templateone/templates/main]]></value>
				</property>
				<property>
					<name>Title</name>
					<value><![CDATA[Example side element]]></value>
				</property>
			</properties>
			<accesscontrol/>
		</file>
		<file>
			<source>demopages/side-elements/startpage.html</source>
			<destination>demopages/side-elements/startpage.html</destination>
			<type>xmlpage</type>
			<uuidresource>5dbcacd2-273b-11d9-b67d-1fd2a335da0f</uuidresource>
			<datelastmodified>Mon, 27 Mar 2006 12:00:00 GMT</datelastmodified>
			<userlastmodified>Admin</userlastmodified>
			<datecreated>Mon, 27 Jun 2005 08:00:00 GMT</datecreated>
			<usercreated>Admin</usercreated>
			<flags>0</flags>
			<properties>
				<property>
					<name>template</name>
					<value><![CDATA[/system/modules/org.opencms.frontend.templateone/templates/main]]></value>
				</property>
				<property>
					<name>Title</name>
					<value><![CDATA[Element displayed at 'templateone' start page]]></value>
				</property>
			</properties>
			<accesscontrol/>
		</file>
		<file>
			<destination>system</destination>
			<type>folder</type>
			<datelastmodified>Mon, 27 Mar 2006 12:00:00 GMT</datelastmodified>
			<userlastmodified>Admin</userlastmodified>
			<datecreated>Mon, 27 Jun 2005 08:00:00 GMT</datecreated>
			<usercreated>Admin</usercreated>
			<flags>0</flags>
			<properties/>
			<accesscontrol>
				<accessentry>
					<uuidprincipal>GROUP.Users</uuidprincipal>
					<flags>34</flags>
					<permissionset>
						<allowed>1</allowed>
						<denied>0</denied>
					</permissionset>
				</accessentry>
			</accesscontrol>
		</file>
		<file>
			<destination>system/galleries</destination>
			<type>folder</type>
			<datelastmodified>Mon, 27 Mar 2006 12:00:00 GMT</datelastmodified>
			<userlastmodified>Admin</userlastmodified>
			<datecreated>Mon, 27 Jun 2005 08:00:00 GMT</datecreated>
			<usercreated>Admin</usercreated>
			<flags>0</flags>
			<properties/>
			<accesscontrol/>
		</file>
		<file>
			<destination>system/galleries/pics</destination>
			<type>folder</type>
			<datelastmodified>Mon, 27 Mar 2006 12:00:00 GMT</datelastmodified>
			<userlastmodified>Admin</userlastmodified>
			<datecreated>Mon, 27 Jun 2005 08:00:00 GMT</datecreated>
			<usercreated>Admin</usercreated>
			<flags>0</flags>
			<properties>
				<property>
					<name>exportname</name>
					<value><![CDATA[/pics/]]></value>
				</property>
			</properties>
			<accesscontrol/>
		</file>
		<file>
			<destination>system/galleries/pics/alkacon-templateone</destination>
			<type>imagegallery</type>
			<datelastmodified>Mon, 27 Mar 2006 12:00:00 GMT</datelastmodified>
			<userlastmodified>Admin</userlastmodified>
			<datecreated>Mon, 27 Jun 2005 08:00:00 GMT</datecreated>
			<usercreated>Admin</usercreated>
			<flags>0</flags>
			<properties>
				<property>
					<name>Title</name>
					<value><![CDATA[Alkacon template one demo images]]></value>
				</property>
			</properties>
			<accesscontrol/>
		</file>
		<file>
			<source>system/galleries/pics/alkacon-templateone/bg_nav_alkacon.jpg</source>
			<destination>system/galleries/pics/alkacon-templateone/bg_nav_alkacon.jpg</destination>
			<type>image</type>
			<uuidresource>7a3c071c-0e35-11d9-b954-d95a698e1ef3</uuidresource>
			<datelastmodified>Mon, 27 Mar 2006 12:00:00 GMT</datelastmodified>
			<userlastmodified>Admin</userlastmodified>
			<datecreated>Mon, 27 Jun 2005 08:00:00 GMT</datecreated>
			<usercreated>Admin</usercreated>
			<flags>0</flags>
			<properties/>
			<accesscontrol/>
		</file>
		<file>
			<source>system/galleries/pics/alkacon-templateone/head_img_alkacon.jpg</source>
			<destination>system/galleries/pics/alkacon-templateone/head_img_alkacon.jpg</destination>
			<type>image</type>
			<uuidresource>7a40c20f-0e35-11d9-b954-d95a698e1ef3</uuidresource>
			<datelastmodified>Mon, 27 Mar 2006 12:00:00 GMT</datelastmodified>
			<userlastmodified>Admin</userlastmodified>
			<datecreated>Mon, 27 Jun 2005 08:00:00 GMT</datecreated>
			<usercreated>Admin</usercreated>
			<flags>0</flags>
			<properties/>
			<accesscontrol/>
		</file>
		<file>
			<source>system/galleries/pics/alkacon-templateone/head_img_alkacon2.jpg</source>
			<destination>system/galleries/pics/alkacon-templateone/head_img_alkacon2.jpg</destination>
			<type>image</type>
			<uuidresource>6c9caf7d-0e3a-11d9-b954-d95a698e1ef3</uuidresource>
			<datelastmodified>Mon, 27 Mar 2006 12:00:00 GMT</datelastmodified>
			<userlastmodified>Admin</userlastmodified>
			<datecreated>Mon, 27 Jun 2005 08:00:00 GMT</datecreated>
			<usercreated>Admin</usercreated>
			<flags>0</flags>
			<properties/>
			<accesscontrol/>
		</file>
		<file>
			<source>system/galleries/pics/alkacon-templateone/head_xmlcontent.gif</source>
			<destination>system/galleries/pics/alkacon-templateone/head_xmlcontent.gif</destination>
			<type>image</type>
			<uuidresource>0c3ba602-e800-11d9-b6a3-45827a23a0d1</uuidresource>
			<datelastmodified>Mon, 27 Mar 2006 12:00:00 GMT</datelastmodified>
			<userlastmodified>Admin</userlastmodified>
			<datecreated>Mon, 27 Jun 2005 08:00:00 GMT</datecreated>
			<usercreated>Admin</usercreated>
			<flags>0</flags>
			<properties/>
			<accesscontrol/>
		</file>
	</files>
</export>
