<?xml version="1.0" encoding="ISO-8859-1"?>

<export>
	<info>
		<creator>Admin</creator>
		<opencms_version>6.2.0</opencms_version>
		<createdate>Wed, 21 Dec 2005 15:28:01 GMT</createdate>
		<project>Offline</project>
		<export_version>4</export_version>
	</info>
	<module>
		<name>org.opencms.frontend.templateone.xmlcontentdemo</name>
		<nicename><![CDATA[OpenCms 6 Template One XML content demo]]></nicename>
		<group>Template One</group>
		<class/>
		<description><![CDATA[<p>This module contains demo resources for OpenCms 6.0 XML content.</p>
<p>Install this module if you want to see the structured content capabilities of OpenCms.</p>
<p><i>(c) 2006 by Alkacon Software GmbH (http://www.alkacon.com).</i></p>]]></description>
		<version>2.0.0</version>
		<authorname><![CDATA[Alkacon Software GmbH]]></authorname>
		<authoremail><![CDATA[info@alkacon.com]]></authoremail>
		<datecreated>Mon, 27 Jun 2005 08:00:00 GMT</datecreated>
		<userinstalled/>
		<dateinstalled/>
		<dependencies>
			<dependency name="org.opencms.frontend.templateone" version="2.0.0"/>
			<dependency name="org.opencms.editors.htmlarea" version="1.0.0"/>
		</dependencies>
		<exportpoints>
			<exportpoint uri="/system/modules/org.opencms.frontend.templateone.xmlcontentdemo/classes/" destination="WEB-INF/classes/"/>
		</exportpoints>
		<resources>
			<resource uri="/system/modules/org.opencms.frontend.templateone.xmlcontentdemo/"/>
			<resource uri="/system/workplace/resources/filetypes/article.gif"/>
			<resource uri="/xmlcontentdemo/"/>
		</resources>
		<parameters/>
		<resourcetypes>
			<type class="org.opencms.file.types.CmsResourceTypeXmlContent" name="article" id="25">
				<param name="schema">/sites/default/xmlcontentdemo/article.xsd</param>
			</type>
			<type class="org.opencms.file.types.CmsResourceTypeXmlContent" name="widgetdemo" id="26">
				<param name="schema">/sites/default/xmlcontentdemo/widgetdemo/widgetdemo.xsd</param>
			</type>
			<type class="org.opencms.file.types.CmsResourceTypeXmlContent" name="bookmark" id="27">
				<param name="schema">/sites/default/xmlcontentdemo/nestedcontent/bookmark.xsd</param>
			</type>
		</resourcetypes>
		<explorertypes>
			<explorertype name="article" key="fileicon.article" icon="article.gif" reference="xmlcontent">
				<newresource page="structurecontent" uri="newresource_xmlcontent.jsp?newresourcetype=article" order="25" autosetnavigation="false" autosettitle="false"/>
				<accesscontrol>
					<accessentry principal="GROUP.Administrators" permissions="+r+v+w+c"/>
					<accessentry principal="GROUP.Projectmanagers" permissions="+r+v+w+c"/>
					<accessentry principal="GROUP.Users" permissions="+r+v+w+c"/>
				</accesscontrol>
			</explorertype>
			<explorertype name="widgetdemo" key="fileicon.widgetdemo" icon="xmlcontent.gif" reference="xmlcontent">
				<newresource page="structurecontent" uri="newresource_xmlcontent.jsp?newresourcetype=widgetdemo" order="26" autosetnavigation="false" autosettitle="false"/>
				<accesscontrol>
					<accessentry principal="GROUP.Administrators" permissions="+r+v+w+c"/>
					<accessentry principal="GROUP.Projectmanagers" permissions="+r+v+w+c"/>
					<accessentry principal="GROUP.Users" permissions="+r+v+w+c"/>
				</accesscontrol>
			</explorertype>
			<explorertype name="bookmark" key="fileicon.bookmark" icon="xmlcontent.gif" reference="xmlcontent">
				<newresource page="structurecontent" uri="newresource_xmlcontent.jsp?newresourcetype=bookmark" order="27" autosetnavigation="false" autosettitle="false"/>
				<accesscontrol>
					<accessentry principal="GROUP.Administrators" permissions="+r+v+w+c"/>
					<accessentry principal="GROUP.Projectmanagers" permissions="+r+v+w+c"/>
					<accessentry principal="GROUP.Users" permissions="+r+v+w+c"/>
				</accesscontrol>
			</explorertype>
		</explorertypes>
	</module>
	<files>
		<file>
			<destination>system</destination>
			<type>folder</type>
			<datelastmodified>Mon, 27 Mar 2006 12:00:00 GMT</datelastmodified>
			<userlastmodified>Admin</userlastmodified>
			<datecreated>Thu, 03 Nov 2005 09:08:47 GMT</datecreated>
			<usercreated>Admin</usercreated>
			<flags>0</flags>
			<properties/>
			<accesscontrol>
				<accessentry>
					<uuidprincipal>GROUP.Users</uuidprincipal>
					<flags>34</flags>
					<permissionset>
						<allowed>1</allowed>
						<denied>0</denied>
					</permissionset>
				</accessentry>
			</accesscontrol>
		</file>
		<file>
			<destination>system/modules</destination>
			<type>folder</type>
			<datelastmodified>Mon, 27 Mar 2006 12:00:00 GMT</datelastmodified>
			<userlastmodified>Admin</userlastmodified>
			<datecreated>Mon, 27 Jun 2005 08:00:00 GMT</datecreated>
			<usercreated>Admin</usercreated>
			<flags>0</flags>
			<properties/>
			<accesscontrol/>
		</file>
		<file>
			<destination>system/modules/org.opencms.frontend.templateone.xmlcontentdemo</destination>
			<type>folder</type>
			<datelastmodified>Mon, 27 Mar 2006 12:00:00 GMT</datelastmodified>
			<userlastmodified>Admin</userlastmodified>
			<datecreated>Mon, 27 Jun 2005 08:00:00 GMT</datecreated>
			<usercreated>Admin</usercreated>
			<flags>0</flags>
			<properties>
				<property>
					<name>export</name>
					<value><![CDATA[false]]></value>
				</property>
			</properties>
			<accesscontrol/>
		</file>
		<file>
			<source>system/modules/org.opencms.frontend.templateone.xmlcontentdemo/table.css</source>
			<destination>system/modules/org.opencms.frontend.templateone.xmlcontentdemo/table.css</destination>
			<type>plain</type>
			<uuidresource>b84d6205-e54a-11d9-8ea2-b7f5f5443f03</uuidresource>
			<datelastmodified>Mon, 27 Mar 2006 12:00:00 GMT</datelastmodified>
			<userlastmodified>Admin</userlastmodified>
			<datecreated>Mon, 10 Oct 2005 08:10:10 GMT</datecreated>
			<usercreated>Admin</usercreated>
			<flags>0</flags>
			<properties>
				<property>
					<name>Title</name>
					<value><![CDATA[Style Definitions for HTML Tables]]></value>
				</property>
			</properties>
			<accesscontrol/>
		</file>
		<file>
			<source>system/modules/org.opencms.frontend.templateone.xmlcontentdemo/transformation.table.xslt</source>
			<destination>system/modules/org.opencms.frontend.templateone.xmlcontentdemo/transformation.table.xslt</destination>
			<type>plain</type>
			<uuidresource>bcf6a824-e4c2-11d9-8813-b7f5f5443f03</uuidresource>
			<datelastmodified>Mon, 27 Mar 2006 12:00:00 GMT</datelastmodified>
			<userlastmodified>Admin</userlastmodified>
			<datecreated>Fri, 24 Jun 2005 15:15:02 GMT</datecreated>
			<usercreated>Admin</usercreated>
			<flags>0</flags>
			<properties>
				<property>
					<name>template-elements</name>
					<value><![CDATA[true]]></value>
				</property>
				<property>
					<name>Title</name>
					<value><![CDATA[XSLT for Uploading CSV Files]]></value>
				</property>
				<property>
					<name>style_side_uri</name>
					<value><![CDATA[/system/modules/org.opencms.frontend.templateone.xmlcontentdemo/table.css]]></value>
				</property>
				<property>
					<name>stylesheet</name>
					<value><![CDATA[/system/modules/org.opencms.frontend.templateone.xmlcontentdemo/table.css]]></value>
				</property>
			</properties>
			<accesscontrol/>
		</file>
		<file>
			<destination>system/modules/org.opencms.frontend.templateone.xmlcontentdemo/classes</destination>
			<type>folder</type>
			<datelastmodified>Mon, 27 Mar 2006 12:00:00 GMT</datelastmodified>
			<userlastmodified>Admin</userlastmodified>
			<datecreated>Mon, 27 Jun 2005 08:00:00 GMT</datecreated>
			<usercreated>Admin</usercreated>
			<flags>0</flags>
			<properties/>
			<accesscontrol/>
		</file>
		<file>
			<destination>system/modules/org.opencms.frontend.templateone.xmlcontentdemo/classes/org</destination>
			<type>folder</type>
			<datelastmodified>Mon, 27 Mar 2006 12:00:00 GMT</datelastmodified>
			<userlastmodified>Admin</userlastmodified>
			<datecreated>Mon, 27 Jun 2005 08:00:00 GMT</datecreated>
			<usercreated>Admin</usercreated>
			<flags>0</flags>
			<properties/>
			<accesscontrol/>
		</file>
		<file>
			<destination>system/modules/org.opencms.frontend.templateone.xmlcontentdemo/classes/org/opencms</destination>
			<type>folder</type>
			<datelastmodified>Mon, 27 Mar 2006 12:00:00 GMT</datelastmodified>
			<userlastmodified>Admin</userlastmodified>
			<datecreated>Mon, 27 Jun 2005 08:00:00 GMT</datecreated>
			<usercreated>Admin</usercreated>
			<flags>0</flags>
			<properties/>
			<accesscontrol/>
		</file>
		<file>
			<destination>system/modules/org.opencms.frontend.templateone.xmlcontentdemo/classes/org/opencms/frontend</destination>
			<type>folder</type>
			<datelastmodified>Mon, 27 Mar 2006 12:00:00 GMT</datelastmodified>
			<userlastmodified>Admin</userlastmodified>
			<datecreated>Mon, 27 Jun 2005 08:00:00 GMT</datecreated>
			<usercreated>Admin</usercreated>
			<flags>0</flags>
			<properties/>
			<accesscontrol/>
		</file>
		<file>
			<destination>system/modules/org.opencms.frontend.templateone.xmlcontentdemo/classes/org/opencms/frontend/templateone</destination>
			<type>folder</type>
			<datelastmodified>Mon, 27 Mar 2006 12:00:00 GMT</datelastmodified>
			<userlastmodified>Admin</userlastmodified>
			<datecreated>Mon, 27 Jun 2005 08:00:00 GMT</datecreated>
			<usercreated>Admin</usercreated>
			<flags>0</flags>
			<properties/>
			<accesscontrol/>
		</file>
		<file>
			<destination>system/modules/org.opencms.frontend.templateone.xmlcontentdemo/classes/org/opencms/frontend/templateone/xmlcontentdemo</destination>
			<type>folder</type>
			<datelastmodified>Mon, 27 Mar 2006 12:00:00 GMT</datelastmodified>
			<userlastmodified>Admin</userlastmodified>
			<datecreated>Mon, 27 Jun 2005 08:00:00 GMT</datecreated>
			<usercreated>Admin</usercreated>
			<flags>0</flags>
			<properties/>
			<accesscontrol/>
		</file>
		<file>
			<source>system/modules/org.opencms.frontend.templateone.xmlcontentdemo/classes/org/opencms/frontend/templateone/xmlcontentdemo/workplace.properties</source>
			<destination>system/modules/org.opencms.frontend.templateone.xmlcontentdemo/classes/org/opencms/frontend/templateone/xmlcontentdemo/workplace.properties</destination>
			<type>plain</type>
			<uuidresource>99d7678b-275e-11d9-b242-1fd2a335da0f</uuidresource>
			<datelastmodified>Mon, 27 Mar 2006 12:00:00 GMT</datelastmodified>
			<userlastmodified>Admin</userlastmodified>
			<datecreated>Mon, 27 Jun 2005 08:00:00 GMT</datecreated>
			<usercreated>Admin</usercreated>
			<flags>0</flags>
			<properties>
				<property>
					<name>content-encoding</name>
					<value><![CDATA[ISO-8859-1]]></value>
				</property>
			</properties>
			<accesscontrol/>
		</file>
		<file>
			<source>system/modules/org.opencms.frontend.templateone.xmlcontentdemo/classes/org/opencms/frontend/templateone/xmlcontentdemo/workplace_de.properties</source>
			<destination>system/modules/org.opencms.frontend.templateone.xmlcontentdemo/classes/org/opencms/frontend/templateone/xmlcontentdemo/workplace_de.properties</destination>
			<type>plain</type>
			<uuidresource>e5c050c6-2760-11d9-83ac-1fd2a335da0f</uuidresource>
			<datelastmodified>Mon, 27 Mar 2006 12:00:00 GMT</datelastmodified>
			<userlastmodified>Admin</userlastmodified>
			<datecreated>Mon, 27 Jun 2005 08:00:00 GMT</datecreated>
			<usercreated>Admin</usercreated>
			<flags>0</flags>
			<properties>
				<property>
					<name>content-encoding</name>
					<value><![CDATA[ISO-8859-1]]></value>
				</property>
			</properties>
			<accesscontrol/>
		</file>
		<file>
			<destination>system/modules/org.opencms.frontend.templateone.xmlcontentdemo/classes/org/opencms/frontend/templateone/xmlcontentdemo/workplace_en.properties</destination>
			<type>plain</type>
			<uuidresource>99d7678b-275e-11d9-b242-1fd2a335da0f</uuidresource>
			<datelastmodified>Mon, 27 Mar 2006 12:00:00 GMT</datelastmodified>
			<userlastmodified>Admin</userlastmodified>
			<datecreated>Mon, 27 Jun 2005 08:00:00 GMT</datecreated>
			<usercreated>Admin</usercreated>
			<flags>0</flags>
			<properties>
				<property>
					<name>content-encoding</name>
					<value><![CDATA[ISO-8859-1]]></value>
				</property>
			</properties>
			<accesscontrol/>
		</file>
		<file>
			<destination>system/modules/org.opencms.frontend.templateone.xmlcontentdemo/elements</destination>
			<type>folder</type>
			<datelastmodified>Mon, 27 Mar 2006 12:00:00 GMT</datelastmodified>
			<userlastmodified>Admin</userlastmodified>
			<datecreated>Mon, 27 Jun 2005 08:00:00 GMT</datecreated>
			<usercreated>Admin</usercreated>
			<flags>0</flags>
			<properties/>
			<accesscontrol/>
		</file>
		<file>
			<source>system/modules/org.opencms.frontend.templateone.xmlcontentdemo/elements/side_article_list.jsp</source>
			<destination>system/modules/org.opencms.frontend.templateone.xmlcontentdemo/elements/side_article_list.jsp</destination>
			<type>jsp</type>
			<uuidresource>0c7b4022-1942-11d9-9027-95b5e57c814c</uuidresource>
			<datelastmodified>Mon, 27 Mar 2006 12:00:00 GMT</datelastmodified>
			<userlastmodified>Admin</userlastmodified>
			<datecreated>Mon, 27 Jun 2005 08:00:00 GMT</datecreated>
			<usercreated>Admin</usercreated>
			<flags>0</flags>
			<properties>
				<property>
					<name>Title</name>
					<value><![CDATA[XML content article list element]]></value>
				</property>
			</properties>
			<accesscontrol/>
		</file>
		<file>
			<destination>xmlcontentdemo</destination>
			<type>microsite</type>
			<datelastmodified>Mon, 27 Mar 2006 12:00:00 GMT</datelastmodified>
			<userlastmodified>Admin</userlastmodified>
			<datecreated>Mon, 27 Jun 2005 08:00:00 GMT</datecreated>
			<usercreated>Admin</usercreated>
			<flags>0</flags>
			<properties>
				<property>
					<name>default-file</name>
					<value><![CDATA[list.jsp]]></value>
				</property>
				<property>
					<name>template-elements</name>
					<value><![CDATA[/xmlcontentdemo/detail.jsp]]></value>
				</property>
				<property>
					<name>style_head_img_uri</name>
					<value><![CDATA[/system/galleries/pics/alkacon-templateone/head_xmlcontent.gif]]></value>
				</property>
				<property>
					<name>style_show_head_img</name>
					<value><![CDATA[true]]></value>
				</property>
				<property>
					<name>style_head_img_link</name>
					<value><![CDATA[/]]></value>
				</property>
				<property>
					<name>NavText</name>
					<value><![CDATA[XML content Demo]]></value>
				</property>
				<property>
					<name>template</name>
					<value><![CDATA[/system/modules/org.opencms.frontend.templateone/templates/main]]></value>
				</property>
				<property>
					<name>style_main_configpath</name>
					<value><![CDATA[/xmlcontentdemo/_configuration/]]></value>
				</property>
				<property>
					<name>style_head_img_height</name>
					<value><![CDATA[100]]></value>
				</property>
				<property>
					<name>NavPos</name>
					<value><![CDATA[5.5]]></value>
				</property>
				<property>
					<name>Title</name>
					<value><![CDATA[XML content Demo Pages]]></value>
				</property>
				<property>
					<name>xmlcontent-demo</name>
					<value><![CDATA[/xmlcontentdemo/]]></value>
				</property>
				<property>
					<name>properties_imprint</name>
					<value><![CDATA[/demopages/_configuration/imprint]]></value>
				</property>
			</properties>
			<accesscontrol/>
		</file>
		<file>
			<source>xmlcontentdemo/article.xsd</source>
			<destination>xmlcontentdemo/article.xsd</destination>
			<type>plain</type>
			<uuidresource>3416bed7-1128-11d9-831f-b70b5b3477aa</uuidresource>
			<datelastmodified>Mon, 27 Mar 2006 12:00:00 GMT</datelastmodified>
			<userlastmodified>Admin</userlastmodified>
			<datecreated>Mon, 27 Jun 2005 08:00:00 GMT</datecreated>
			<usercreated>Admin</usercreated>
			<flags>0</flags>
			<properties>
				<property>
					<name>Title</name>
					<value><![CDATA[XSD for articles]]></value>
				</property>
			</properties>
			<accesscontrol/>
		</file>
		<file>
			<source>xmlcontentdemo/article_0001.html</source>
			<destination>xmlcontentdemo/article_0001.html</destination>
			<type>article</type>
			<uuidresource>e20dff06-113f-11d9-831f-b70b5b3477aa</uuidresource>
			<datelastmodified>Mon, 27 Mar 2006 12:00:00 GMT</datelastmodified>
			<userlastmodified>Admin</userlastmodified>
			<datecreated>Mon, 27 Jun 2005 08:00:00 GMT</datecreated>
			<usercreated>Admin</usercreated>
			<flags>0</flags>
			<properties>
				<property>
					<name>Title</name>
					<value><![CDATA[Sample article 1]]></value>
				</property>
			</properties>
			<accesscontrol/>
		</file>
		<file>
			<source>xmlcontentdemo/article_0002.html</source>
			<destination>xmlcontentdemo/article_0002.html</destination>
			<type>article</type>
			<uuidresource>00b9d277-113f-11d9-831f-b70b5b3477aa</uuidresource>
			<datelastmodified>Mon, 27 Mar 2006 12:00:00 GMT</datelastmodified>
			<userlastmodified>Admin</userlastmodified>
			<datecreated>Mon, 27 Jun 2005 08:00:00 GMT</datecreated>
			<usercreated>Admin</usercreated>
			<flags>0</flags>
			<properties>
				<property>
					<name>Title</name>
					<value><![CDATA[This is the article 2 sample]]></value>
				</property>
			</properties>
			<accesscontrol/>
		</file>
		<file>
			<source>xmlcontentdemo/article_0003.html</source>
			<destination>xmlcontentdemo/article_0003.html</destination>
			<type>article</type>
			<uuidresource>beeee83b-113f-11d9-831f-b70b5b3477aa</uuidresource>
			<datelastmodified>Mon, 27 Mar 2006 12:00:00 GMT</datelastmodified>
			<userlastmodified>Admin</userlastmodified>
			<datecreated>Mon, 27 Jun 2005 08:00:00 GMT</datecreated>
			<usercreated>Admin</usercreated>
			<flags>0</flags>
			<properties>
				<property>
					<name>Title</name>
					<value><![CDATA[Nice sample article 3]]></value>
				</property>
			</properties>
			<accesscontrol/>
		</file>
		<file>
			<source>xmlcontentdemo/article_0004.html</source>
			<destination>xmlcontentdemo/article_0004.html</destination>
			<type>article</type>
			<uuidresource>f7c19c2b-1140-11d9-831f-b70b5b3477aa</uuidresource>
			<datelastmodified>Mon, 27 Mar 2006 12:00:00 GMT</datelastmodified>
			<userlastmodified>Admin</userlastmodified>
			<datecreated>Mon, 27 Jun 2005 08:00:00 GMT</datecreated>
			<usercreated>Admin</usercreated>
			<flags>0</flags>
			<properties>
				<property>
					<name>Title</name>
					<value><![CDATA[This is article number 4]]></value>
				</property>
			</properties>
			<accesscontrol/>
		</file>
		<file>
			<source>xmlcontentdemo/detail.jsp</source>
			<destination>xmlcontentdemo/detail.jsp</destination>
			<type>jsp</type>
			<uuidresource>34046f4b-1128-11d9-831f-b70b5b3477aa</uuidresource>
			<datelastmodified>Mon, 27 Mar 2006 12:00:00 GMT</datelastmodified>
			<userlastmodified>Admin</userlastmodified>
			<datecreated>Mon, 27 Jun 2005 08:00:00 GMT</datecreated>
			<usercreated>Admin</usercreated>
			<flags>512</flags>
			<properties>
				<property type="shared">
					<name>export</name>
					<value><![CDATA[false]]></value>
				</property>
				<property>
					<name>Title</name>
					<value><![CDATA[XML content article detail view]]></value>
				</property>
				<property>
					<name>collector</name>
					<value><![CDATA[singleFile]]></value>
				</property>
			</properties>
			<accesscontrol/>
		</file>
		<file>
			<source>xmlcontentdemo/detail_content.html</source>
			<destination>xmlcontentdemo/detail_content.html</destination>
			<type>xmlpage</type>
			<uuidresource>960d3b21-1147-11d9-831f-b70b5b3477aa</uuidresource>
			<datelastmodified>Mon, 27 Mar 2006 12:00:00 GMT</datelastmodified>
			<userlastmodified>Admin</userlastmodified>
			<datecreated>Mon, 27 Jun 2005 08:00:00 GMT</datecreated>
			<usercreated>Admin</usercreated>
			<flags>0</flags>
			<properties>
				<property>
					<name>template</name>
					<value><![CDATA[/system/modules/org.opencms.frontend.templateone/templates/main]]></value>
				</property>
				<property>
					<name>Title</name>
					<value><![CDATA[Contents for detail view]]></value>
				</property>
			</properties>
			<accesscontrol/>
		</file>
		<file>
			<source>xmlcontentdemo/detail_scriptlet.jsp</source>
			<destination>xmlcontentdemo/detail_scriptlet.jsp</destination>
			<type>jsp</type>
			<uuidresource>269c7c22-59f5-11da-8fbe-f7eb3434d401</uuidresource>
			<datelastmodified>Mon, 27 Mar 2006 12:00:00 GMT</datelastmodified>
			<userlastmodified>Admin</userlastmodified>
			<datecreated>Sun, 20 Nov 2005 18:40:41 GMT</datecreated>
			<usercreated>Admin</usercreated>
			<flags>512</flags>
			<properties>
				<property type="shared">
					<name>export</name>
					<value><![CDATA[false]]></value>
				</property>
				<property>
					<name>Title</name>
					<value><![CDATA[XML content article detail view using scriptlet code]]></value>
				</property>
				<property>
					<name>collector</name>
					<value><![CDATA[singleFile]]></value>
				</property>
			</properties>
			<accesscontrol/>
		</file>
		<file>
			<source>xmlcontentdemo/include.jsp</source>
			<destination>xmlcontentdemo/include.jsp</destination>
			<type>jsp</type>
			<uuidresource>d13bd579-1f34-11d9-9f84-bdb3d9688e5d</uuidresource>
			<datelastmodified>Mon, 27 Mar 2006 12:00:00 GMT</datelastmodified>
			<userlastmodified>Admin</userlastmodified>
			<datecreated>Mon, 27 Jun 2005 08:00:00 GMT</datecreated>
			<usercreated>Admin</usercreated>
			<flags>0</flags>
			<properties>
				<property type="shared">
					<name>export</name>
					<value><![CDATA[false]]></value>
				</property>
				<property>
					<name>NavPos</name>
					<value><![CDATA[5]]></value>
				</property>
				<property>
					<name>NavText</name>
					<value><![CDATA[cms:include Test]]></value>
				</property>
				<property>
					<name>Title</name>
					<value><![CDATA[Test for use of <cms:include> with XML contnet]]></value>
				</property>
			</properties>
			<accesscontrol/>
		</file>
		<file>
			<source>xmlcontentdemo/list.jsp</source>
			<destination>xmlcontentdemo/list.jsp</destination>
			<type>jsp</type>
			<uuidresource>259abd33-6cb1-11da-9545-9fcffb4fa0bd</uuidresource>
			<datelastmodified>Mon, 27 Mar 2006 12:00:00 GMT</datelastmodified>
			<userlastmodified>Admin</userlastmodified>
			<datecreated>Wed, 14 Dec 2005 14:51:45 GMT</datecreated>
			<usercreated>Admin</usercreated>
			<flags>0</flags>
			<properties>
				<property type="shared">
					<name>export</name>
					<value><![CDATA[false]]></value>
				</property>
				<property>
					<name>NavPos</name>
					<value><![CDATA[1]]></value>
				</property>
				<property>
					<name>NavText</name>
					<value><![CDATA[List demo]]></value>
				</property>
				<property>
					<name>Title</name>
					<value><![CDATA[XML content article demo page]]></value>
				</property>
				<property>
					<name>style_side_uri</name>
					<value><![CDATA[/xmlcontentdemo/side-elements/newfeatures.html]]></value>
				</property>
				<property>
					<name>collector</name>
					<value><![CDATA[allInFolderDateReleasedDesc]]></value>
				</property>
			</properties>
			<accesscontrol/>
		</file>
		<file>
			<source>xmlcontentdemo/list_content-scriptlet.html</source>
			<destination>xmlcontentdemo/list_content-scriptlet.html</destination>
			<type>xmlpage</type>
			<uuidresource>7eae63b7-6cb1-11da-9545-9fcffb4fa0bd</uuidresource>
			<datelastmodified>Mon, 27 Mar 2006 12:00:00 GMT</datelastmodified>
			<userlastmodified>Admin</userlastmodified>
			<datecreated>Wed, 14 Dec 2005 14:54:15 GMT</datecreated>
			<usercreated>Admin</usercreated>
			<flags>512</flags>
			<properties>
				<property>
					<name>template</name>
					<value><![CDATA[/system/modules/org.opencms.frontend.templateone/templates/main]]></value>
				</property>
				<property type="shared">
					<name>Title</name>
					<value><![CDATA[Contents for list view]]></value>
				</property>
			</properties>
			<accesscontrol/>
		</file>
		<file>
			<source>xmlcontentdemo/list_content.html</source>
			<destination>xmlcontentdemo/list_content.html</destination>
			<type>xmlpage</type>
			<uuidresource>a4b2122f-1141-11d9-831f-b70b5b3477aa</uuidresource>
			<datelastmodified>Mon, 27 Mar 2006 12:00:00 GMT</datelastmodified>
			<userlastmodified>Admin</userlastmodified>
			<datecreated>Mon, 27 Jun 2005 08:00:00 GMT</datecreated>
			<usercreated>Admin</usercreated>
			<flags>512</flags>
			<properties>
				<property>
					<name>template</name>
					<value><![CDATA[/system/modules/org.opencms.frontend.templateone/templates/main]]></value>
				</property>
				<property type="shared">
					<name>Title</name>
					<value><![CDATA[Contents for list view]]></value>
				</property>
			</properties>
			<accesscontrol/>
		</file>
		<file>
			<source>xmlcontentdemo/list_scriptlet.jsp</source>
			<destination>xmlcontentdemo/list_scriptlet.jsp</destination>
			<type>jsp</type>
			<uuidresource>11b29a38-58ea-11da-997a-f7eb3434d401</uuidresource>
			<datelastmodified>Mon, 27 Mar 2006 12:00:00 GMT</datelastmodified>
			<userlastmodified>Admin</userlastmodified>
			<datecreated>Sat, 19 Nov 2005 10:48:50 GMT</datecreated>
			<usercreated>Admin</usercreated>
			<flags>0</flags>
			<properties>
				<property type="shared">
					<name>export</name>
					<value><![CDATA[false]]></value>
				</property>
				<property>
					<name>NavPos</name>
					<value><![CDATA[2]]></value>
				</property>
				<property>
					<name>NavText</name>
					<value><![CDATA[Scriptlet list demo]]></value>
				</property>
				<property>
					<name>Title</name>
					<value><![CDATA[XML content article demo page using scriptlet code]]></value>
				</property>
				<property>
					<name>style_side_uri</name>
					<value><![CDATA[/xmlcontentdemo/side-elements/newfeatures.html]]></value>
				</property>
				<property>
					<name>collector</name>
					<value><![CDATA[allInFolderDateReleasedDesc]]></value>
				</property>
			</properties>
			<accesscontrol/>
		</file>
		<file>
			<source>xmlcontentdemo/list_tree.jsp</source>
			<destination>xmlcontentdemo/list_tree.jsp</destination>
			<type>jsp</type>
			<uuidresource>b62c9903-2126-11d9-aca1-33454537bb5d</uuidresource>
			<datelastmodified>Mon, 27 Mar 2006 12:00:00 GMT</datelastmodified>
			<userlastmodified>Admin</userlastmodified>
			<datecreated>Mon, 27 Jun 2005 08:00:00 GMT</datecreated>
			<usercreated>Admin</usercreated>
			<flags>0</flags>
			<properties>
				<property type="shared">
					<name>export</name>
					<value><![CDATA[false]]></value>
				</property>
				<property>
					<name>NavPos</name>
					<value><![CDATA[3]]></value>
				</property>
				<property>
					<name>xmlcontent-side-uri</name>
					<value><![CDATA[/xmlcontent]]></value>
				</property>
				<property>
					<name>NavText</name>
					<value><![CDATA[Tree Read Demo]]></value>
				</property>
				<property>
					<name>Title</name>
					<value><![CDATA[XML content Tree Read demo]]></value>
				</property>
				<property>
					<name>style_side_uri</name>
					<value><![CDATA[/xmlcontentdemo/side-elements/list_tree_side.html]]></value>
				</property>
			</properties>
			<accesscontrol/>
		</file>
		<file>
			<source>xmlcontentdemo/side_element_demo.html</source>
			<destination>xmlcontentdemo/side_element_demo.html</destination>
			<type>xmlpage</type>
			<uuidresource>22d10d1e-1158-11d9-831f-b70b5b3477aa</uuidresource>
			<datelastmodified>Mon, 27 Mar 2006 12:00:00 GMT</datelastmodified>
			<userlastmodified>Admin</userlastmodified>
			<datecreated>Mon, 27 Jun 2005 08:00:00 GMT</datecreated>
			<usercreated>Admin</usercreated>
			<flags>0</flags>
			<properties>
				<property>
					<name>NavPos</name>
					<value><![CDATA[7]]></value>
				</property>
				<property>
					<name>xmlcontent-side-uri</name>
					<value><![CDATA[/xmlcontent]]></value>
				</property>
				<property>
					<name>style_show_side</name>
					<value><![CDATA[true]]></value>
				</property>
				<property>
					<name>template</name>
					<value><![CDATA[/system/modules/org.opencms.frontend.templateone/templates/main]]></value>
				</property>
				<property>
					<name>NavText</name>
					<value><![CDATA[Side Element Demo]]></value>
				</property>
				<property>
					<name>Title</name>
					<value><![CDATA[Page using a sample side element]]></value>
				</property>
				<property>
					<name>style_side_uri</name>
					<value><![CDATA[none]]></value>
				</property>
			</properties>
			<accesscontrol/>
		</file>
		<file>
			<destination>xmlcontentdemo/_configuration</destination>
			<type>folder</type>
			<datelastmodified>Mon, 27 Mar 2006 12:00:00 GMT</datelastmodified>
			<userlastmodified>Admin</userlastmodified>
			<datecreated>Mon, 27 Jun 2005 08:00:00 GMT</datecreated>
			<usercreated>Admin</usercreated>
			<flags>0</flags>
			<properties>
				<property>
					<name>Title</name>
					<value><![CDATA[Template configuration]]></value>
				</property>
			</properties>
			<accesscontrol/>
		</file>
		<file>
			<source>xmlcontentdemo/_configuration/configuration_common</source>
			<destination>xmlcontentdemo/_configuration/configuration_common</destination>
			<type>xmlcontent</type>
			<uuidresource>d0cd7274-e7fc-11d9-b6a3-45827a23a0d1</uuidresource>
			<datelastmodified>Mon, 27 Mar 2006 12:00:00 GMT</datelastmodified>
			<userlastmodified>Admin</userlastmodified>
			<datecreated>Mon, 27 Jun 2005 08:00:00 GMT</datecreated>
			<usercreated>Admin</usercreated>
			<flags>512</flags>
			<properties>
				<property>
					<name>Title</name>
					<value><![CDATA[Common configuration]]></value>
				</property>
			</properties>
			<accesscontrol/>
		</file>
		<file>
			<source>xmlcontentdemo/_configuration/configuration_css</source>
			<destination>xmlcontentdemo/_configuration/configuration_css</destination>
			<type>xmlcontent</type>
			<uuidresource>d0d20659-e7fc-11d9-b6a3-45827a23a0d1</uuidresource>
			<datelastmodified>Mon, 27 Mar 2006 12:00:00 GMT</datelastmodified>
			<userlastmodified>Admin</userlastmodified>
			<datecreated>Mon, 27 Jun 2005 08:00:00 GMT</datecreated>
			<usercreated>Admin</usercreated>
			<flags>512</flags>
			<properties>
				<property>
					<name>Title</name>
					<value><![CDATA[CSS style sheet]]></value>
				</property>
			</properties>
			<accesscontrol/>
		</file>
		<file>
			<source>xmlcontentdemo/_configuration/configuration_links</source>
			<destination>xmlcontentdemo/_configuration/configuration_links</destination>
			<type>xmlcontent</type>
			<uuidresource>d0d69a3e-e7fc-11d9-b6a3-45827a23a0d1</uuidresource>
			<datelastmodified>Mon, 27 Mar 2006 12:00:00 GMT</datelastmodified>
			<userlastmodified>Admin</userlastmodified>
			<datecreated>Mon, 27 Jun 2005 08:00:00 GMT</datecreated>
			<usercreated>Admin</usercreated>
			<flags>512</flags>
			<properties>
				<property>
					<name>Title</name>
					<value><![CDATA[Head links]]></value>
				</property>
			</properties>
			<accesscontrol/>
		</file>
		<file>
			<source>xmlcontentdemo/_configuration/imprint</source>
			<destination>xmlcontentdemo/_configuration/imprint</destination>
			<type>xmlcontent</type>
			<uuidresource>d0db2d23-e7fc-11d9-b6a3-45827a23a0d1</uuidresource>
			<datelastmodified>Mon, 27 Mar 2006 12:00:00 GMT</datelastmodified>
			<userlastmodified>Admin</userlastmodified>
			<datecreated>Mon, 27 Jun 2005 08:00:00 GMT</datecreated>
			<usercreated>Admin</usercreated>
			<flags>512</flags>
			<properties>
				<property>
					<name>content-encoding</name>
					<value><![CDATA[UTF-8]]></value>
				</property>
				<property>
					<name>Title</name>
					<value><![CDATA[Imprint]]></value>
				</property>
			</properties>
			<accesscontrol/>
		</file>
		<file>
			<destination>xmlcontentdemo/nestedcontent</destination>
			<type>folder</type>
			<datelastmodified>Mon, 27 Mar 2006 12:00:00 GMT</datelastmodified>
			<userlastmodified>Admin</userlastmodified>
			<datecreated>Mon, 27 Jun 2005 08:00:00 GMT</datecreated>
			<usercreated>Admin</usercreated>
			<flags>0</flags>
			<properties>
				<property>
					<name>NavPos</name>
					<value><![CDATA[5.890625]]></value>
				</property>
				<property>
					<name>default-file</name>
					<value><![CDATA[list.jsp]]></value>
				</property>
				<property>
					<name>template-elements</name>
					<value><![CDATA[/xmlcontentdemo/nestedcontent/detail.jsp]]></value>
				</property>
				<property>
					<name>NavText</name>
					<value><![CDATA[Nested XML Content]]></value>
				</property>
				<property>
					<name>xmlcontent-demo</name>
					<value><![CDATA[/xmlcontentdemo/nestedcontent/]]></value>
				</property>
				<property>
					<name>Title</name>
					<value><![CDATA[Demo of nested XML contents]]></value>
				</property>
			</properties>
			<accesscontrol/>
		</file>
		<file>
			<source>xmlcontentdemo/nestedcontent/address.xsd</source>
			<destination>xmlcontentdemo/nestedcontent/address.xsd</destination>
			<type>plain</type>
			<uuidresource>ca5a9323-4a9b-11d9-a9ec-7f8d39515329</uuidresource>
			<datelastmodified>Mon, 27 Mar 2006 12:00:00 GMT</datelastmodified>
			<userlastmodified>Admin</userlastmodified>
			<datecreated>Mon, 27 Jun 2005 08:00:00 GMT</datecreated>
			<usercreated>Admin</usercreated>
			<flags>512</flags>
			<properties>
				<property>
					<name>Title</name>
					<value><![CDATA[XML content address schema]]></value>
				</property>
			</properties>
			<accesscontrol/>
		</file>
		<file>
			<source>xmlcontentdemo/nestedcontent/bookmark.xsd</source>
			<destination>xmlcontentdemo/nestedcontent/bookmark.xsd</destination>
			<type>plain</type>
			<uuidresource>c1bb8b1f-4a9b-11d9-a9ec-7f8d39515329</uuidresource>
			<datelastmodified>Mon, 27 Mar 2006 12:00:00 GMT</datelastmodified>
			<userlastmodified>Admin</userlastmodified>
			<datecreated>Mon, 27 Jun 2005 08:00:00 GMT</datecreated>
			<usercreated>Admin</usercreated>
			<flags>512</flags>
			<properties>
				<property>
					<name>Title</name>
					<value><![CDATA[XML content bookmark schema]]></value>
				</property>
			</properties>
			<accesscontrol/>
		</file>
		<file>
			<source>xmlcontentdemo/nestedcontent/bookmark_0001.html</source>
			<destination>xmlcontentdemo/nestedcontent/bookmark_0001.html</destination>
			<type>bookmark</type>
			<uuidresource>8faf73e9-4ab0-11d9-9252-7f8d39515329</uuidresource>
			<datelastmodified>Mon, 27 Mar 2006 12:00:00 GMT</datelastmodified>
			<userlastmodified>Admin</userlastmodified>
			<datecreated>Mon, 27 Jun 2005 08:00:00 GMT</datecreated>
			<usercreated>Admin</usercreated>
			<flags>0</flags>
			<properties>
				<property>
					<name>Title</name>
					<value><![CDATA[Alkacon Software GmbH - The OpenCms experts]]></value>
				</property>
			</properties>
			<accesscontrol/>
		</file>
		<file>
			<source>xmlcontentdemo/nestedcontent/bookmark_0002.html</source>
			<destination>xmlcontentdemo/nestedcontent/bookmark_0002.html</destination>
			<type>bookmark</type>
			<uuidresource>150f392a-4ab7-11d9-9252-7f8d39515329</uuidresource>
			<datelastmodified>Mon, 27 Mar 2006 12:00:00 GMT</datelastmodified>
			<userlastmodified>Admin</userlastmodified>
			<datecreated>Mon, 27 Jun 2005 08:00:00 GMT</datecreated>
			<usercreated>Admin</usercreated>
			<flags>0</flags>
			<properties>
				<property>
					<name>Title</name>
					<value><![CDATA[The Free Software Foundation]]></value>
				</property>
			</properties>
			<accesscontrol/>
		</file>
		<file>
			<source>xmlcontentdemo/nestedcontent/detail.jsp</source>
			<destination>xmlcontentdemo/nestedcontent/detail.jsp</destination>
			<type>jsp</type>
			<uuidresource>281f2e7b-4aad-11d9-8340-7f8d39515329</uuidresource>
			<datelastmodified>Mon, 27 Mar 2006 12:00:00 GMT</datelastmodified>
			<userlastmodified>Admin</userlastmodified>
			<datecreated>Mon, 27 Jun 2005 08:00:00 GMT</datecreated>
			<usercreated>Admin</usercreated>
			<flags>512</flags>
			<properties>
				<property type="shared">
					<name>export</name>
					<value><![CDATA[false]]></value>
				</property>
				<property>
					<name>Title</name>
					<value><![CDATA[XML content bookmark detail view]]></value>
				</property>
			</properties>
			<accesscontrol/>
		</file>
		<file>
			<source>xmlcontentdemo/nestedcontent/detail_include.txt</source>
			<destination>xmlcontentdemo/nestedcontent/detail_include.txt</destination>
			<type>plain</type>
			<uuidresource>5813cf4f-4b6a-11d9-b02b-636f59544321</uuidresource>
			<datelastmodified>Mon, 27 Mar 2006 12:00:00 GMT</datelastmodified>
			<userlastmodified>Admin</userlastmodified>
			<datecreated>Mon, 27 Jun 2005 08:00:00 GMT</datecreated>
			<usercreated>Admin</usercreated>
			<flags>512</flags>
			<properties>
				<property type="shared">
					<name>content-encoding</name>
					<value><![CDATA[UTF-8]]></value>
				</property>
				<property type="shared">
					<name>export</name>
					<value><![CDATA[false]]></value>
				</property>
			</properties>
			<accesscontrol/>
		</file>
		<file>
			<source>xmlcontentdemo/nestedcontent/list.jsp</source>
			<destination>xmlcontentdemo/nestedcontent/list.jsp</destination>
			<type>jsp</type>
			<uuidresource>2924c5ca-4ab2-11d9-9252-7f8d39515329</uuidresource>
			<datelastmodified>Mon, 27 Mar 2006 12:00:00 GMT</datelastmodified>
			<userlastmodified>Admin</userlastmodified>
			<datecreated>Mon, 27 Jun 2005 08:00:00 GMT</datecreated>
			<usercreated>Admin</usercreated>
			<flags>0</flags>
			<properties>
				<property type="shared">
					<name>export</name>
					<value><![CDATA[false]]></value>
				</property>
				<property>
					<name>Title</name>
					<value><![CDATA[XML content bookmark list view]]></value>
				</property>
			</properties>
			<accesscontrol/>
		</file>
		<file>
			<source>xmlcontentdemo/nestedcontent/list_content.html</source>
			<destination>xmlcontentdemo/nestedcontent/list_content.html</destination>
			<type>xmlpage</type>
			<uuidresource>9f7b4471-4ab2-11d9-9252-7f8d39515329</uuidresource>
			<datelastmodified>Mon, 27 Mar 2006 12:00:00 GMT</datelastmodified>
			<userlastmodified>Admin</userlastmodified>
			<datecreated>Mon, 27 Jun 2005 08:00:00 GMT</datecreated>
			<usercreated>Admin</usercreated>
			<flags>512</flags>
			<properties>
				<property>
					<name>template</name>
					<value><![CDATA[/system/modules/org.opencms.frontend.templateone/templates/main]]></value>
				</property>
				<property type="shared">
					<name>Title</name>
					<value><![CDATA[Contents for list view]]></value>
				</property>
			</properties>
			<accesscontrol/>
		</file>
		<file>
			<destination>xmlcontentdemo/side-elements</destination>
			<type>folder</type>
			<datelastmodified>Mon, 27 Mar 2006 12:00:00 GMT</datelastmodified>
			<userlastmodified>Admin</userlastmodified>
			<datecreated>Mon, 27 Jun 2005 08:00:00 GMT</datecreated>
			<usercreated>Admin</usercreated>
			<flags>0</flags>
			<properties>
				<property>
					<name>Title</name>
					<value><![CDATA[Side elements]]></value>
				</property>
			</properties>
			<accesscontrol/>
		</file>
		<file>
			<source>xmlcontentdemo/side-elements/list_tree_side.html</source>
			<destination>xmlcontentdemo/side-elements/list_tree_side.html</destination>
			<type>xmlpage</type>
			<uuidresource>d111e85f-2757-11d9-b242-1fd2a335da0f</uuidresource>
			<datelastmodified>Mon, 27 Mar 2006 12:00:00 GMT</datelastmodified>
			<userlastmodified>Admin</userlastmodified>
			<datecreated>Mon, 27 Jun 2005 08:00:00 GMT</datecreated>
			<usercreated>Admin</usercreated>
			<flags>0</flags>
			<properties>
				<property>
					<name>template</name>
					<value><![CDATA[/system/modules/org.opencms.frontend.templateone/templates/main]]></value>
				</property>
				<property>
					<name>Title</name>
					<value><![CDATA[Tree side information element]]></value>
				</property>
			</properties>
			<accesscontrol/>
		</file>
		<file>
			<source>xmlcontentdemo/side-elements/newfeatures.html</source>
			<destination>xmlcontentdemo/side-elements/newfeatures.html</destination>
			<type>xmlpage</type>
			<uuidresource>f96f7311-4e93-11d9-91b6-f5a79cbbc4d3</uuidresource>
			<datelastmodified>Mon, 27 Mar 2006 12:00:00 GMT</datelastmodified>
			<userlastmodified>Admin</userlastmodified>
			<datecreated>Mon, 27 Jun 2005 08:00:00 GMT</datecreated>
			<usercreated>Admin</usercreated>
			<flags>0</flags>
			<properties>
				<property>
					<name>template</name>
					<value><![CDATA[/system/modules/org.opencms.frontend.templateone/templates/main]]></value>
				</property>
				<property>
					<name>Title</name>
					<value><![CDATA[New features of this release]]></value>
				</property>
			</properties>
			<accesscontrol/>
		</file>
		<file>
			<source>xmlcontentdemo/side-elements/subtree_side.html</source>
			<destination>xmlcontentdemo/side-elements/subtree_side.html</destination>
			<type>xmlpage</type>
			<uuidresource>1cb11f5b-275a-11d9-b242-1fd2a335da0f</uuidresource>
			<datelastmodified>Mon, 27 Mar 2006 12:00:00 GMT</datelastmodified>
			<userlastmodified>Admin</userlastmodified>
			<datecreated>Mon, 27 Jun 2005 08:00:00 GMT</datecreated>
			<usercreated>Admin</usercreated>
			<flags>0</flags>
			<properties>
				<property>
					<name>template</name>
					<value><![CDATA[/system/modules/org.opencms.frontend.templateone/templates/main]]></value>
				</property>
				<property>
					<name>Title</name>
					<value><![CDATA[Tree side information element]]></value>
				</property>
			</properties>
			<accesscontrol/>
		</file>
		<file>
			<destination>xmlcontentdemo/subfolder</destination>
			<type>folder</type>
			<datelastmodified>Mon, 27 Mar 2006 12:00:00 GMT</datelastmodified>
			<userlastmodified>Admin</userlastmodified>
			<datecreated>Mon, 27 Jun 2005 08:00:00 GMT</datecreated>
			<usercreated>Admin</usercreated>
			<flags>0</flags>
			<properties>
				<property>
					<name>NavPos</name>
					<value><![CDATA[4]]></value>
				</property>
				<property>
					<name>default-file</name>
					<value><![CDATA[list.jsp]]></value>
				</property>
				<property>
					<name>NavText</name>
					<value><![CDATA[Sub tree folder]]></value>
				</property>
				<property>
					<name>xmlcontent-demo</name>
					<value><![CDATA[/xmlcontentdemo/subfolder/]]></value>
				</property>
				<property>
					<name>Title</name>
					<value><![CDATA[Demo articles for "tree" functions]]></value>
				</property>
				<property>
					<name>style_side_uri</name>
					<value><![CDATA[/xmlcontentdemo/subfolder/subtree_side.html]]></value>
				</property>
			</properties>
			<accesscontrol/>
		</file>
		<file>
			<source>xmlcontentdemo/subfolder/article_0001.html</source>
			<destination>xmlcontentdemo/subfolder/article_0001.html</destination>
			<type>article</type>
			<uuidresource>51387b3e-2126-11d9-aca1-33454537bb5d</uuidresource>
			<datelastmodified>Mon, 27 Mar 2006 12:00:00 GMT</datelastmodified>
			<userlastmodified>Admin</userlastmodified>
			<datecreated>Mon, 27 Jun 2005 08:00:00 GMT</datecreated>
			<usercreated>Admin</usercreated>
			<flags>0</flags>
			<properties>
				<property>
					<name>Title</name>
					<value><![CDATA[Sample article in SUBFOLDER]]></value>
				</property>
			</properties>
			<accesscontrol/>
		</file>
		<file>
			<source>xmlcontentdemo/subfolder/article_0002.html</source>
			<destination>xmlcontentdemo/subfolder/article_0002.html</destination>
			<type>article</type>
			<uuidresource>2e84d9f5-21f6-11d9-8e1f-33454537bb5d</uuidresource>
			<datelastmodified>Mon, 27 Mar 2006 12:00:00 GMT</datelastmodified>
			<userlastmodified>Admin</userlastmodified>
			<datecreated>Mon, 27 Jun 2005 08:00:00 GMT</datecreated>
			<usercreated>Admin</usercreated>
			<flags>0</flags>
			<properties>
				<property>
					<name>Title</name>
					<value><![CDATA[Another sample article in the SUBFOLDER]]></value>
				</property>
			</properties>
			<accesscontrol/>
		</file>
		<file>
			<source>xmlcontentdemo/subfolder/list.jsp</source>
			<destination>xmlcontentdemo/subfolder/list.jsp</destination>
			<type>jsp</type>
			<uuidresource>340d9711-1128-11d9-831f-b70b5b3477aa</uuidresource>
			<datelastmodified>Mon, 27 Mar 2006 12:00:00 GMT</datelastmodified>
			<userlastmodified>Admin</userlastmodified>
			<datecreated>Mon, 27 Jun 2005 08:00:00 GMT</datecreated>
			<usercreated>Admin</usercreated>
			<flags>0</flags>
			<properties>
				<property type="shared">
					<name>export</name>
					<value><![CDATA[false]]></value>
				</property>
				<property>
					<name>Title</name>
					<value><![CDATA[XML content article demo page]]></value>
				</property>
				<property>
					<name>collector</name>
					<value><![CDATA[allInFolderDateReleasedDesc]]></value>
				</property>
				<property>
					<name>style_side_uri</name>
					<value><![CDATA[/xmlcontentdemo/side-elements/subtree_side.html]]></value>
				</property>
			</properties>
			<accesscontrol/>
		</file>
		<file>
			<destination>xmlcontentdemo/subfolder/list_content.html</destination>
			<type>xmlpage</type>
			<uuidresource>a4b2122f-1141-11d9-831f-b70b5b3477aa</uuidresource>
			<datelastmodified>Mon, 27 Mar 2006 12:00:00 GMT</datelastmodified>
			<userlastmodified>Admin</userlastmodified>
			<datecreated>Mon, 27 Jun 2005 08:00:00 GMT</datecreated>
			<usercreated>Admin</usercreated>
			<flags>512</flags>
			<properties>
				<property>
					<name>template</name>
					<value><![CDATA[/system/modules/org.opencms.frontend.templateone/templates/main]]></value>
				</property>
				<property type="shared">
					<name>Title</name>
					<value><![CDATA[Contents for list view]]></value>
				</property>
			</properties>
			<accesscontrol/>
		</file>
		<file>
			<destination>xmlcontentdemo/widgetdemo</destination>
			<type>folder</type>
			<datelastmodified>Mon, 27 Mar 2006 12:00:00 GMT</datelastmodified>
			<userlastmodified>Admin</userlastmodified>
			<datecreated>Mon, 27 Jun 2005 08:00:00 GMT</datecreated>
			<usercreated>Admin</usercreated>
			<flags>0</flags>
			<properties>
				<property>
					<name>NavPos</name>
					<value><![CDATA[6]]></value>
				</property>
				<property>
					<name>default-file</name>
					<value><![CDATA[list.jsp]]></value>
				</property>
				<property>
					<name>template-elements</name>
					<value><![CDATA[/xmlcontentdemo/widgetdemo/detail.jsp]]></value>
				</property>
				<property>
					<name>NavText</name>
					<value><![CDATA[Widget Demo]]></value>
				</property>
				<property>
					<name>xmlcontent-demo</name>
					<value><![CDATA[/xmlcontentdemo/widgetdemo/]]></value>
				</property>
				<property>
					<name>Title</name>
					<value><![CDATA[Demo of widgets for content editing]]></value>
				</property>
			</properties>
			<accesscontrol/>
		</file>
		<file>
			<source>xmlcontentdemo/widgetdemo/detail.jsp</source>
			<destination>xmlcontentdemo/widgetdemo/detail.jsp</destination>
			<type>jsp</type>
			<uuidresource>aec341ca-4ab8-11d9-9252-7f8d39515329</uuidresource>
			<datelastmodified>Mon, 27 Mar 2006 12:00:00 GMT</datelastmodified>
			<userlastmodified>Admin</userlastmodified>
			<datecreated>Mon, 27 Jun 2005 08:00:00 GMT</datecreated>
			<usercreated>Admin</usercreated>
			<flags>512</flags>
			<properties>
				<property type="shared">
					<name>export</name>
					<value><![CDATA[false]]></value>
				</property>
				<property>
					<name>Title</name>
					<value><![CDATA[XML content article detail view]]></value>
				</property>
			</properties>
			<accesscontrol/>
		</file>
		<file>
			<source>xmlcontentdemo/widgetdemo/detail_include.txt</source>
			<destination>xmlcontentdemo/widgetdemo/detail_include.txt</destination>
			<type>plain</type>
			<uuidresource>17430c06-4e8f-11d9-91b6-f5a79cbbc4d3</uuidresource>
			<datelastmodified>Mon, 27 Mar 2006 12:00:00 GMT</datelastmodified>
			<userlastmodified>Admin</userlastmodified>
			<datecreated>Mon, 27 Jun 2005 08:00:00 GMT</datecreated>
			<usercreated>Admin</usercreated>
			<flags>512</flags>
			<properties/>
			<accesscontrol/>
		</file>
		<file>
			<source>xmlcontentdemo/widgetdemo/list.jsp</source>
			<destination>xmlcontentdemo/widgetdemo/list.jsp</destination>
			<type>jsp</type>
			<uuidresource>c378e48f-4a96-11d9-a9ec-7f8d39515329</uuidresource>
			<datelastmodified>Mon, 27 Mar 2006 12:00:00 GMT</datelastmodified>
			<userlastmodified>Admin</userlastmodified>
			<datecreated>Mon, 27 Jun 2005 08:00:00 GMT</datecreated>
			<usercreated>Admin</usercreated>
			<flags>0</flags>
			<properties>
				<property type="shared">
					<name>export</name>
					<value><![CDATA[false]]></value>
				</property>
				<property>
					<name>Title</name>
					<value><![CDATA[XML content widget demo page]]></value>
				</property>
			</properties>
			<accesscontrol/>
		</file>
		<file>
			<source>xmlcontentdemo/widgetdemo/list_content.html</source>
			<destination>xmlcontentdemo/widgetdemo/list_content.html</destination>
			<type>xmlpage</type>
			<uuidresource>9a6cb4a6-4a98-11d9-a9ec-7f8d39515329</uuidresource>
			<datelastmodified>Mon, 27 Mar 2006 12:00:00 GMT</datelastmodified>
			<userlastmodified>Admin</userlastmodified>
			<datecreated>Mon, 27 Jun 2005 08:00:00 GMT</datecreated>
			<usercreated>Admin</usercreated>
			<flags>512</flags>
			<properties>
				<property>
					<name>template</name>
					<value><![CDATA[/system/modules/org.opencms.frontend.templateone/templates/main]]></value>
				</property>
				<property type="shared">
					<name>Title</name>
					<value><![CDATA[Contents for list view]]></value>
				</property>
			</properties>
			<accesscontrol/>
		</file>
		<file>
			<source>xmlcontentdemo/widgetdemo/widgetdemo.xsd</source>
			<destination>xmlcontentdemo/widgetdemo/widgetdemo.xsd</destination>
			<type>plain</type>
			<uuidresource>23768351-4a87-11d9-b6d0-b12b962e112e</uuidresource>
			<datelastmodified>Mon, 27 Mar 2006 12:00:00 GMT</datelastmodified>
			<userlastmodified>Admin</userlastmodified>
			<datecreated>Mon, 27 Jun 2005 08:00:00 GMT</datecreated>
			<usercreated>Admin</usercreated>
			<flags>512</flags>
			<properties>
				<property>
					<name>Title</name>
					<value><![CDATA[XML content widgetdemo schema]]></value>
				</property>
			</properties>
			<accesscontrol/>
		</file>
		<file>
			<source>xmlcontentdemo/widgetdemo/widgetdemo_0001.html</source>
			<destination>xmlcontentdemo/widgetdemo/widgetdemo_0001.html</destination>
			<type>widgetdemo</type>
			<uuidresource>e58f0260-4a94-11d9-a9ec-7f8d39515329</uuidresource>
			<datelastmodified>Mon, 27 Mar 2006 12:00:00 GMT</datelastmodified>
			<userlastmodified>Admin</userlastmodified>
			<datecreated>Mon, 27 Jun 2005 08:00:00 GMT</datecreated>
			<usercreated>Admin</usercreated>
			<flags>0</flags>
			<properties>
				<property>
					<name>Title</name>
					<value><![CDATA[Demonstrates all available widgets]]></value>
				</property>
			</properties>
			<accesscontrol/>
		</file>
		<file>
			<destination>xmlcontentdemo/widgetdemo/downloads</destination>
			<type>downloadgallery</type>
			<datelastmodified>Mon, 27 Mar 2006 12:00:00 GMT</datelastmodified>
			<userlastmodified>Admin</userlastmodified>
			<datecreated>Mon, 27 Jun 2005 08:00:00 GMT</datecreated>
			<usercreated>Admin</usercreated>
			<flags>0</flags>
			<properties>
				<property>
					<name>Title</name>
					<value><![CDATA[Sample Gallery for Downloads]]></value>
				</property>
			</properties>
			<accesscontrol/>
		</file>
		<file>
			<source>xmlcontentdemo/widgetdemo/downloads/download.txt</source>
			<destination>xmlcontentdemo/widgetdemo/downloads/download.txt</destination>
			<type>plain</type>
			<uuidresource>5d5a6321-4a94-11d9-a9ec-7f8d39515329</uuidresource>
			<datelastmodified>Mon, 27 Mar 2006 12:00:00 GMT</datelastmodified>
			<userlastmodified>Admin</userlastmodified>
			<datecreated>Mon, 27 Jun 2005 08:00:00 GMT</datecreated>
			<usercreated>Admin</usercreated>
			<flags>0</flags>
			<properties>
				<property>
					<name>Title</name>
					<value><![CDATA[Download file for demonstration purposes]]></value>
				</property>
			</properties>
			<accesscontrol/>
		</file>
		<file>
			<source>xmlcontentdemo/widgetdemo/downloads/open_source_wikipedia.rtf</source>
			<destination>xmlcontentdemo/widgetdemo/downloads/open_source_wikipedia.rtf</destination>
			<type>binary</type>
			<uuidresource>c9bf6325-e4ca-11d9-99a7-b7f5f5443f03</uuidresource>
			<datelastmodified>Mon, 27 Mar 2006 12:00:00 GMT</datelastmodified>
			<userlastmodified>Admin</userlastmodified>
			<datecreated>Mon, 27 Jun 2005 08:00:00 GMT</datecreated>
			<usercreated>Admin</usercreated>
			<flags>0</flags>
			<properties>
				<property>
					<name>Title</name>
					<value><![CDATA[Wikipedia Article about Open Source]]></value>
				</property>
			</properties>
			<accesscontrol/>
		</file>
		<file>
			<destination>xmlcontentdemo/widgetdemo/html</destination>
			<type>htmlgallery</type>
			<datelastmodified>Mon, 27 Mar 2006 12:00:00 GMT</datelastmodified>
			<userlastmodified>Admin</userlastmodified>
			<datecreated>Mon, 27 Jun 2005 08:00:00 GMT</datecreated>
			<usercreated>Admin</usercreated>
			<flags>0</flags>
			<properties>
				<property>
					<name>Title</name>
					<value><![CDATA[Sample Gallery for Html snippets]]></value>
				</property>
			</properties>
			<accesscontrol/>
		</file>
		<file>
			<source>xmlcontentdemo/widgetdemo/html/htmlsample1.txt</source>
			<destination>xmlcontentdemo/widgetdemo/html/htmlsample1.txt</destination>
			<type>plain</type>
			<uuidresource>958d64d2-4ac3-11d9-bc95-2b70d56337a7</uuidresource>
			<datelastmodified>Mon, 27 Mar 2006 12:00:00 GMT</datelastmodified>
			<userlastmodified>Admin</userlastmodified>
			<datecreated>Mon, 27 Jun 2005 08:00:00 GMT</datecreated>
			<usercreated>Admin</usercreated>
			<flags>0</flags>
			<properties>
				<property>
					<name>Title</name>
					<value><![CDATA[A Sample List in HTML]]></value>
				</property>
			</properties>
			<accesscontrol/>
		</file>
		<file>
			<source>xmlcontentdemo/widgetdemo/html/htmlsample2.txt</source>
			<destination>xmlcontentdemo/widgetdemo/html/htmlsample2.txt</destination>
			<type>plain</type>
			<uuidresource>744c84f9-e4b7-11d9-8813-b7f5f5443f03</uuidresource>
			<datelastmodified>Mon, 27 Mar 2006 12:00:00 GMT</datelastmodified>
			<userlastmodified>Admin</userlastmodified>
			<datecreated>Mon, 27 Jun 2005 08:00:00 GMT</datecreated>
			<usercreated>Admin</usercreated>
			<flags>0</flags>
			<properties>
				<property>
					<name>Title</name>
					<value><![CDATA[HTML Text in Different Fonts and Sizes]]></value>
				</property>
			</properties>
			<accesscontrol/>
		</file>
		<file>
			<destination>xmlcontentdemo/widgetdemo/links-alkacon</destination>
			<type>linkgallery</type>
			<datelastmodified>Mon, 27 Mar 2006 12:00:00 GMT</datelastmodified>
			<userlastmodified>Admin</userlastmodified>
			<datecreated>Mon, 27 Jun 2005 08:00:00 GMT</datecreated>
			<usercreated>Admin</usercreated>
			<flags>0</flags>
			<properties>
				<property>
					<name>Title</name>
					<value><![CDATA[Links to Alkacon Software]]></value>
				</property>
			</properties>
			<accesscontrol/>
		</file>
		<file>
			<source>xmlcontentdemo/widgetdemo/links-alkacon/alkacon-services</source>
			<destination>xmlcontentdemo/widgetdemo/links-alkacon/alkacon-services</destination>
			<type>pointer</type>
			<uuidresource>cfa5d0ae-e4be-11d9-8813-b7f5f5443f03</uuidresource>
			<datelastmodified>Mon, 27 Mar 2006 12:00:00 GMT</datelastmodified>
			<userlastmodified>Admin</userlastmodified>
			<datecreated>Mon, 27 Jun 2005 08:00:00 GMT</datecreated>
			<usercreated>Admin</usercreated>
			<flags>0</flags>
			<properties>
				<property>
					<name>Title</name>
					<value><![CDATA[Alkacon Service Overview]]></value>
				</property>
			</properties>
			<accesscontrol/>
		</file>
		<file>
			<source>xmlcontentdemo/widgetdemo/links-alkacon/alkacon.com</source>
			<destination>xmlcontentdemo/widgetdemo/links-alkacon/alkacon.com</destination>
			<type>pointer</type>
			<uuidresource>9fc97719-e4be-11d9-8813-b7f5f5443f03</uuidresource>
			<datelastmodified>Mon, 27 Mar 2006 12:00:00 GMT</datelastmodified>
			<userlastmodified>Admin</userlastmodified>
			<datecreated>Mon, 27 Jun 2005 08:00:00 GMT</datecreated>
			<usercreated>Admin</usercreated>
			<flags>0</flags>
			<properties>
				<property>
					<name>Title</name>
					<value><![CDATA[Alkacon, the OpenCms experts]]></value>
				</property>
			</properties>
			<accesscontrol/>
		</file>
		<file>
			<destination>xmlcontentdemo/widgetdemo/links-opencms</destination>
			<type>linkgallery</type>
			<datelastmodified>Mon, 27 Mar 2006 12:00:00 GMT</datelastmodified>
			<userlastmodified>Admin</userlastmodified>
			<datecreated>Mon, 27 Jun 2005 08:00:00 GMT</datecreated>
			<usercreated>Admin</usercreated>
			<flags>0</flags>
			<properties>
				<property>
					<name>Title</name>
					<value><![CDATA[Links about OpenCms]]></value>
				</property>
			</properties>
			<accesscontrol/>
		</file>
		<file>
			<source>xmlcontentdemo/widgetdemo/links-opencms/opencms-faq</source>
			<destination>xmlcontentdemo/widgetdemo/links-opencms/opencms-faq</destination>
			<type>pointer</type>
			<uuidresource>77f01738-e4bf-11d9-8813-b7f5f5443f03</uuidresource>
			<datelastmodified>Mon, 27 Mar 2006 12:00:00 GMT</datelastmodified>
			<userlastmodified>Admin</userlastmodified>
			<datecreated>Mon, 27 Jun 2005 08:00:00 GMT</datecreated>
			<usercreated>Admin</usercreated>
			<flags>0</flags>
			<properties>
				<property>
					<name>Title</name>
					<value><![CDATA[OpenCms FAQ]]></value>
				</property>
			</properties>
			<accesscontrol/>
		</file>
		<file>
			<source>xmlcontentdemo/widgetdemo/links-opencms/opencms.org</source>
			<destination>xmlcontentdemo/widgetdemo/links-opencms/opencms.org</destination>
			<type>pointer</type>
			<uuidresource>e4ce3fc9-4a93-11d9-a9ec-7f8d39515329</uuidresource>
			<datelastmodified>Mon, 27 Mar 2006 12:00:00 GMT</datelastmodified>
			<userlastmodified>Admin</userlastmodified>
			<datecreated>Mon, 27 Jun 2005 08:00:00 GMT</datecreated>
			<usercreated>Admin</usercreated>
			<flags>0</flags>
			<properties>
				<property>
					<name>Title</name>
					<value><![CDATA[Link to OpenCms Website]]></value>
				</property>
			</properties>
			<accesscontrol/>
		</file>
		<file>
			<source>xmlcontentdemo/widgetdemo/links-opencms/solution-providers</source>
			<destination>xmlcontentdemo/widgetdemo/links-opencms/solution-providers</destination>
			<type>pointer</type>
			<uuidresource>494008a3-e4bf-11d9-8813-b7f5f5443f03</uuidresource>
			<datelastmodified>Mon, 27 Mar 2006 12:00:00 GMT</datelastmodified>
			<userlastmodified>Admin</userlastmodified>
			<datecreated>Mon, 27 Jun 2005 08:00:00 GMT</datecreated>
			<usercreated>Admin</usercreated>
			<flags>0</flags>
			<properties>
				<property>
					<name>Title</name>
					<value><![CDATA[OpenCms Solution Providers]]></value>
				</property>
			</properties>
			<accesscontrol/>
		</file>
		<file>
			<destination>xmlcontentdemo/widgetdemo/tables</destination>
			<type>tablegallery</type>
			<datelastmodified>Mon, 27 Mar 2006 12:00:00 GMT</datelastmodified>
			<userlastmodified>Admin</userlastmodified>
			<datecreated>Mon, 27 Jun 2005 08:00:00 GMT</datecreated>
			<usercreated>Admin</usercreated>
			<flags>0</flags>
			<properties>
				<property>
					<name>Title</name>
					<value><![CDATA[Sample gallery for tables]]></value>
				</property>
			</properties>
			<accesscontrol/>
		</file>
		<file>
			<source>xmlcontentdemo/widgetdemo/tables/golden-palm-winners.html</source>
			<destination>xmlcontentdemo/widgetdemo/tables/golden-palm-winners.html</destination>
			<type>plain</type>
			<uuidresource>2c4b4021-6665-11da-92e9-4191fce0a26c</uuidresource>
			<datelastmodified>Mon, 27 Mar 2006 12:00:00 GMT</datelastmodified>
			<userlastmodified>Admin</userlastmodified>
			<datecreated>Tue, 06 Dec 2005 14:32:48 GMT</datecreated>
			<usercreated>Admin</usercreated>
			<flags>0</flags>
			<properties>
				<property>
					<name>Title</name>
					<value><![CDATA[Winners of the Palme d'Or, Cannes]]></value>
				</property>
				<property>
					<name>stylesheet</name>
					<value><![CDATA[/system/modules/org.opencms.frontend.templateone.xmlcontentdemo/table.css]]></value>
				</property>
			</properties>
			<accesscontrol/>
		</file>
		<file>
			<source>xmlcontentdemo/widgetdemo/tables/members.html</source>
			<destination>xmlcontentdemo/widgetdemo/tables/members.html</destination>
			<type>plain</type>
			<uuidresource>b3d0af1e-b571-11d9-8de8-5fde9e2f6a72</uuidresource>
			<datelastmodified>Mon, 27 Mar 2006 12:00:00 GMT</datelastmodified>
			<userlastmodified>Admin</userlastmodified>
			<datecreated>Mon, 27 Jun 2005 08:00:00 GMT</datecreated>
			<usercreated>Admin</usercreated>
			<flags>0</flags>
			<properties>
				<property>
					<name>Title</name>
					<value><![CDATA[Member list example]]></value>
				</property>
			</properties>
			<accesscontrol/>
		</file>
		<file>
			<source>xmlcontentdemo/widgetdemo/tables/travel-expenses.html</source>
			<destination>xmlcontentdemo/widgetdemo/tables/travel-expenses.html</destination>
			<type>plain</type>
			<uuidresource>8030d03b-e4bb-11d9-8813-b7f5f5443f03</uuidresource>
			<datelastmodified>Mon, 27 Mar 2006 12:00:00 GMT</datelastmodified>
			<userlastmodified>Admin</userlastmodified>
			<datecreated>Mon, 27 Jun 2005 08:00:00 GMT</datecreated>
			<usercreated>Admin</usercreated>
			<flags>0</flags>
			<properties>
				<property>
					<name>Title</name>
					<value><![CDATA[Travel Expenses]]></value>
				</property>
			</properties>
			<accesscontrol/>
		</file>
		<file>
			<destination>system/workplace</destination>
			<type>folder</type>
			<datelastmodified>Mon, 27 Mar 2006 12:00:00 GMT</datelastmodified>
			<userlastmodified>Admin</userlastmodified>
			<datecreated>Mon, 27 Jun 2005 08:00:00 GMT</datecreated>
			<usercreated>Admin</usercreated>
			<flags>0</flags>
			<properties>
				<property>
					<name>content-encoding</name>
					<value><![CDATA[UTF-8]]></value>
				</property>
				<property>
					<name>export</name>
					<value><![CDATA[false]]></value>
				</property>
				<property>
					<name>login-form</name>
					<value><![CDATA[/system/login/index.html]]></value>
				</property>
			</properties>
			<accesscontrol>
				<accessentry>
					<uuidprincipal>GROUP.Guests</uuidprincipal>
					<flags>38</flags>
					<permissionset>
						<allowed>0</allowed>
						<denied>30</denied>
					</permissionset>
				</accessentry>
			</accesscontrol>
		</file>
		<file>
			<destination>system/workplace/resources</destination>
			<type>folder</type>
			<datelastmodified>Mon, 27 Mar 2006 12:00:00 GMT</datelastmodified>
			<userlastmodified>Admin</userlastmodified>
			<datecreated>Mon, 27 Jun 2005 08:00:00 GMT</datecreated>
			<usercreated>Admin</usercreated>
			<flags>0</flags>
			<properties/>
			<accesscontrol/>
		</file>
		<file>
			<destination>system/workplace/resources/filetypes</destination>
			<type>folder</type>
			<datelastmodified>Mon, 27 Mar 2006 12:00:00 GMT</datelastmodified>
			<userlastmodified>Admin</userlastmodified>
			<datecreated>Mon, 27 Jun 2005 08:00:00 GMT</datecreated>
			<usercreated>Admin</usercreated>
			<flags>0</flags>
			<properties/>
			<accesscontrol/>
		</file>
		<file>
			<source>system/workplace/resources/filetypes/article.gif</source>
			<destination>system/workplace/resources/filetypes/article.gif</destination>
			<type>image</type>
			<uuidresource>a17837da-2769-11d9-a415-1fd2a335da0f</uuidresource>
			<datelastmodified>Mon, 27 Mar 2006 12:00:00 GMT</datelastmodified>
			<userlastmodified>Admin</userlastmodified>
			<datecreated>Mon, 27 Jun 2005 08:00:00 GMT</datecreated>
			<usercreated>Admin</usercreated>
			<flags>0</flags>
			<properties>
				<property type="shared">
					<name>image.size</name>
					<value><![CDATA[w:16,h:16]]></value>
				</property>
			</properties>
			<accesscontrol/>
		</file>
	</files>
</export>
