<?xml version="1.0" encoding="UTF-8"?>
<!DOCTYPE hibernate-mapping PUBLIC 
	"-//Hibernate/Hibernate Mapping DTD 3.0//EN"  
	  "http://hibernate.sourceforge.net/hibernate-mapping-3.0.dtd">
<hibernate-mapping package="com.gamvan.club.item">
<class name="ClubOnlineItem" table="GVclubOnline">
    <id
        name="olID"
        type="java.lang.Integer"
        column="olID"
    >
     <generator class="native" />
    </id>

    <property
        name="sessionID"
        column="sessionID"
        type="java.lang.String"
        not-null="true"
    >  
    </property>
    

    <property
        name="userName"
        column="userName"
        type="java.lang.String"
        
    >  
    </property>

    <property
        name="userip"
        column="userip"
        type="java.lang.String"
        
    >  
    </property>

    <property
        name="userArea"
        column="userArea"
        type="java.lang.String"
        
    >  
    </property>  

    <property
        name="loginTime"
        column="loginTime"
        type="java.lang.String"
        
    >  
    </property>   

    <property
        name="lastTime"
        column="lastTime"
        type="java.lang.String"
        
    >  
    </property>

    <property
        name="userHide"
        column="userHide"
        type="java.lang.Boolean"
        
    >  
    </property>  

    <property
        name="onUserID"
        column="onUserID"
        type="java.lang.Integer"
        
    >  
    </property> 
    
    <property
        name="lastYMDHMS"
        column="lastYMDHMS"
        type="long"
        
    >  
    </property> 
    
    </class>
</hibernate-mapping>