<?xml version="1.0" encoding="UTF-8"?>
<!DOCTYPE hibernate-mapping PUBLIC 
	"-//Hibernate/Hibernate Mapping DTD 3.0//EN"  
	  "http://hibernate.sourceforge.net/hibernate-mapping-3.0.dtd">
    
<hibernate-mapping package="com.gamvan.club.item">
<class name="ClubTopicItem" table="GVclubTopic" lazy="true">

    <id
        name="topicID"
        type="java.lang.Integer"
        column="topicID"
    >
     <generator class="native" />
    </id>

    <property
        name="topicReID"
        type="java.lang.Integer"
        column="topicReID"
    ></property>
    
    <property
        name="topicOrder"
        type="java.lang.Integer"
        column="topicOrder"
    >
    </property>
     
    <property
        name="topicLayer"
        type="java.lang.Short"
        column="topicLayer"
    >  
    </property>
    
    <property
        name="topicTree"
        type="java.lang.Integer"
        column="topicTree"
    >   
    </property>
    
    <property
        name="topic"
        type="java.lang.String"
        column="topic"
    >   
    </property>
    
    <property
        name="userName"
        type="java.lang.String"
        column="userName"
    >    
    </property>
    
    
    <property
        name="ccID"
        type="java.lang.Integer"
        column="ccID"
    >  
    </property>
    
    <property
        name="ccID2"
        type="java.lang.Integer"
        column="ccID2"
    > 
    </property>
    
    
    <property
        name="ccID1"
        type="java.lang.Integer"
        column="ccID1"
    > 
    </property>
    
    
    <property
        name="moveCCID"
        type="java.lang.Integer"
        column="moveCCID"
    >   
    </property>
    
    <property
        name="topicList"
        type="java.lang.String"
        column="topicList"
    >   
    </property>
    
    <property
        name="topicMood"
        type="java.lang.Short"
        column="topicMood"
    >  
    </property>
    
    <property
        name="topicPro"
        type="java.lang.Short"
        column="topicPro"
    >  
    </property>
    
    <property
        name="topicType"
        type="java.lang.Short"
        column="topicType"
    >   
    </property>
    
    <property
        name="topicTypeNum"
        type="java.lang.Double"
        column="topicTypeNum"
    >
    </property>
    
    <property
        name="topicAddTime"
        type="java.lang.String"
        column="topicAddTime"
    >  
    </property>
    
    
    <property
        name="topicAddip"
        type="java.lang.String"
        column="topicAddip"
    >
    </property>
    
   <property
        name="topicLastReUser"
        type="java.lang.String"
        column="topicLastReUser"
        length="20"
    >
  
    </property>
    
    <property
        name="topicLastReTime"
        type="java.lang.String"
        column="topicLastReTime"
    >
   </property>
    
    <property
        name="topicViewCount"
        type="java.lang.Integer"
        column="topicViewCount"
    >
   
    </property>
    <property
        name="topicReCount"
        type="java.lang.Integer"
        column="topicReCount"
    >
  
    </property>
    <property
        name="topicLen"
        type="java.lang.Integer"
        column="topicLen"
    >
   
    </property>
    <property
        name="moveUser"
        type="java.lang.String"
        column="moveUser"
        lazy="true"
    >
   
    </property>
    
    <property
        name="moveTime"
        type="java.lang.String"
        column="moveTime"
    >   
    </property>
    
    <property
        name="userID"
        type="java.lang.Integer"
        column="userID"
    >  
    </property>
    
    <property
        name="topicIsPass"
        type="java.lang.Boolean"
        column="topicIsPass"
    >  
    </property>
    
    <property
        name="topicIsDel"
        type="java.lang.Byte"
        column="topicIsDel"
    >  
    </property>
    		
</class>
</hibernate-mapping>
