<?xml version="1.0" encoding="UTF-8"?>
<!DOCTYPE hibernate-mapping PUBLIC 
	"-//Hibernate/Hibernate Mapping DTD 3.0//EN"  
	  "http://hibernate.sourceforge.net/hibernate-mapping-3.0.dtd">
<hibernate-mapping package="com.gamvan.club.item">
<class  name="ClubClassItem"  table="GVclubClass">
<cache usage="read-write"/> 
    <id
        name="ccID"
        type="java.lang.Integer"
        column="ccID"
    >
	<generator class="native" />
    </id>

    <property
        name="ccIDD"
        type="java.lang.Integer"
        column="ccIDD"
        not-null="true"
        length="10"
    >
    </property>
    
    
    <property
        name="ccName"
        type="java.lang.String"
        column="ccName"
        length="50"
    > 
    
    </property>
    
    
    <property
        name="ccOrder"
        type="java.lang.Integer"
        column="ccOrder"
        length="10"
    > 
    </property>
    <property
        name="ccType"
        type="java.lang.Byte"
        column="ccType"
        length="3"
    >  
    </property>
    
    
    <property
        name="ccStyle"
        type="java.lang.Byte"
        column="ccStyle"
        length="3"
    > 
    </property>
    
    
    <property
        name="ccPro"
        type="java.lang.Byte"
        column="ccPro"
        length="3"
    > 
    </property>
    
    
    <property
        name="ccHidden"
        type="java.lang.Boolean"
        column="ccHidden"
        length="1"
    >  
    </property>
    
    
    <property
        name="ccUpfilePass"
        type="java.lang.Byte"
        column="ccUpfilePass"
        length="3"
    >  
    </property>
    
    
    <property
        name="ccUpfileMax"
        type="java.lang.Integer"
        column="ccUpfileMax"
        length="10"
    >  
    </property>
    
    <property
        name="ccUgid"
        type="java.lang.Byte"
        column="ccUgid"
        length="3"
    >   
    </property>
    
    
    <property
        name="ccTopicNum"
        type="java.lang.Byte"
        column="ccTopicNum"
        length="3"
    >   
    </property>
    
    
    <property
        name="ccReplyNum"
        type="java.lang.Byte"
        column="ccReplyNum"
        length="3"
    >    
    </property>
    
    <property
        name="ccMostOnline"
        type="java.lang.Integer"
        column="ccMostOnline"
        length="10"
    >    
    </property>
    
    <property
        name="ccSummary"
        type="java.lang.String"
        column="ccSummary"
        length="1000"
    >   
    </property>
    
    <property
        name="ccUserPass"
        type="java.lang.String"
        column="ccUserPass"
        length="1000"
    >    
    </property>
    
    <property
        name="ccTopic"
        type="java.lang.Integer"
        column="ccTopic"
        length="10"
    >   
    </property>
    
    <property
        name="ccReply"
        type="java.lang.Integer"
        column="ccReply"
        length="10"
    >    
    </property>
    
    <property
        name="ccList"
        type="java.lang.Boolean"
        column="ccList"
        length="1"
    >    
    </property>
    
    <property
        name="ccTodayTopic"
        type="java.lang.Integer"
        column="ccTodayTopic"
        length="10"
    >    
    </property>
    
    <property
        name="ccTodayReply"
        type="java.lang.Integer"
        column="ccTodayReply"
        length="10"
    >   
    </property>
    
    <property
        name="ccYesterTopic"
        type="java.lang.Integer"
        column="ccYesterTopic"
        length="10"
    >   
    </property>
    
    <property
        name="ccYesterReply"
        type="java.lang.Integer"
        column="ccYesterReply"
        length="10"
    >    
    </property>

</class>
</hibernate-mapping>
