<?xml version="1.0" encoding="UTF-8"?>
<!DOCTYPE hibernate-mapping PUBLIC 
	"-//Hibernate/Hibernate Mapping DTD 3.0//EN"  
	  "http://hibernate.sourceforge.net/hibernate-mapping-3.0.dtd">
<hibernate-mapping package="com.gamvan.club.item">
<class  name="ClubBlackItem"  table="GVclubBlackList">
    <id
        name="blackId"
        type="java.lang.Integer"
        column="blackId"
    >
	<generator class="native" />
    </id>

  <property name="blackUserName"  
  	 	type="java.lang.String"  
 	  	column="blackUserName"  
     	not-null="true" >
  </property>
    
  <property name="blackInfo"  
  	 	type="java.lang.String"  
 	  	column="blackInfo"  
     	not-null="true" >
  </property> 
    
  <property name="blackTxt"  
  	 	type="java.lang.String"  
 	  	column="blackTxt"  
     	not-null="true" >
  </property>
    
  <property name="blackDate"  
  	 	type="java.lang.Integer"  
 	  	column="blackDate"  
     	not-null="true" >
  </property>
 
  <property name="blackOver"  
  	 	type="java.lang.Boolean"  
 	  	column="blackOver"  
     	not-null="true" >
  </property>
 
    
  <property name="byUserName"  
  	 	type="java.lang.String"  
 	  	column="byUserName"  
     	not-null="true" >
  </property>
  
  
    
  <property name="byAddTime"  
  	 	type="java.lang.String"  
 	  	column="byAddTime"  
     	not-null="true" >
  </property>
  
      
  <property name="byUserIp"  
  	 	type="java.lang.String"  
 	  	column="byUserIp"  
     	not-null="true" >
  </property>  
  
    
  <property name="ccID"  
  	 	type="java.lang.Integer"  
 	  	column="ccID"  
     	not-null="true" >
  </property> 
  
    
  <property name="userID"  
  	 	type="int"  
 	  	column="userID"  
     	 >
  </property>
  
    
  <property name="byUserID"  
  	 	type="java.lang.Integer"  
 	  	column="byUserID"  
     	not-null="true" >
  </property>
  
  
  
 

</class>
</hibernate-mapping>