<?xml version="1.0" encoding="UTF-8"?>
<!DOCTYPE hibernate-mapping PUBLIC 
	"-//Hibernate/Hibernate Mapping DTD 3.0//EN"  
	  "http://hibernate.sourceforge.net/hibernate-mapping-3.0.dtd">
    
<hibernate-mapping package="com.gamvan.club.item">
<class name="ClubTopicTypeItem" table="GVclubTopicType">
    <id
        name="typeID"
        type="java.lang.Integer"
        column="typeID"
    >
     <generator class="native" />
    </id>

    <property
        name="topicID"
        type="java.lang.Integer"
        column="topicID"
    >  
    </property>  
    
    <property
        name="typeInfo"
        type="java.lang.Short"
        column="typeInfo"
    >  
    </property>   
    
   
    <property
        name="typeNum"
        type="java.lang.Double"
        column="typeNum"
    >  
    </property>  
   
    <property
        name="userName"
        type="java.lang.String"
        column="userName"
    >  
    </property>  
    
    <property
        name="addTime"
        type="java.lang.String"
        column="addTime"
    >  
    </property>  
   
    <property
        name="userID"
        type="java.lang.Integer"
        column="userID"
    >  
    </property>  
   
   

</class>
</hibernate-mapping>