<?xml version="1.0" encoding="UTF-8"?>
<!DOCTYPE hibernate-mapping PUBLIC 
	"-//Hibernate/Hibernate Mapping DTD 3.0//EN"  
	  "http://hibernate.sourceforge.net/hibernate-mapping-3.0.dtd">
<hibernate-mapping package="com.gamvan.club.item">
<class  name="ClubStringReplaceItem"  table="GVclubStringReplace">
    <id
        name="srID"
        type="java.lang.Integer"
        column="srID"
    >
	<generator class="native" />
    </id>

    <property
        name="replaceUserName"
        type="java.lang.String"
        column="replaceUserName"
        not-null="true"
        length="10"
    >
    </property>
    
    
    <property
        name="replaceTopic"
        type="java.lang.String"
        column="replaceTopic"
        not-null="true"
        length="10"
    >
    </property>
    
    
    <property
        name="replaceContent"
        type="java.lang.String"
        column="replaceContent"
        not-null="true"
        length="10"
    >
    </property> 
    
    <property
        name="replaceMsgTopic"
        type="java.lang.String"
        column="replaceMsgTopic"
        not-null="true"
        length="10"
    >
    </property>
    
    <property
        name="replaceMsgContent"
        type="java.lang.String"
        column="replaceMsgContent"
        not-null="true"
        length="10"
    >
    </property> 
    
    <property
        name="replaceUserPen"
        type="java.lang.String"
        column="replaceUserPen"
        not-null="true"
        length="10"
    >
    </property>  
    
    
    
</class>
</hibernate-mapping>