<?xml version="1.0" encoding="UTF-8"?>
<!DOCTYPE hibernate-mapping PUBLIC 
	"-//Hibernate/Hibernate Mapping DTD 3.0//EN"  
	  "http://hibernate.sourceforge.net/hibernate-mapping-3.0.dtd">
    
<hibernate-mapping package="com.gamvan.club.item">
<class name="ClubTopicReItem" table="GVclubTopicRe">

    <id
        name="topicReID"
        type="java.lang.Integer"
        column="topicReID"
    >
     <generator class="native" />
    </id>
    
    <property
        name="topicID"
        type="java.lang.Integer"
        column="topicID"
    ></property>
    
    <property
        name="topicOrder"
        type="java.lang.Integer"
        column="topicOrder"
        not-null="true"
        length="5"
    >
    </property>
     
    <property
        name="topicLayer"
        type="java.lang.Short"
        column="topicLayer"
        not-null="true"
        length="5"
    >  
    </property>
    
    <property
        name="topicTree"
        type="java.lang.Integer"
        column="topicTree"
        not-null="true"
        length="10"
    >   
    </property>
    
    <property
        name="topic"
        type="java.lang.String"
        column="topic"
        not-null="true"
        length="150"
    >   
    </property>
    
    <property
        name="userName"
        type="java.lang.String"
        column="userName"
        length="50"
    >    
    </property>
    
    
    <property
        name="ccID"
        type="java.lang.Integer"
        column="ccID"
         length="10"
    >  
    </property>
    
    <property
        name="ccID2"
        type="java.lang.Integer"
        column="ccID2"
          length="10"
    > 
    </property>
    
    
    <property
        name="ccID1"
        type="java.lang.Integer"
        column="ccID1"
        length="10"
    > 
    </property>
    
        
    <property
        name="topicList"
        type="java.lang.String"
        column="topicList"
        length="20"
    >   
    </property>
    
    <property
        name="topicMood"
        type="java.lang.Short"
        column="topicMood"
    >  
    </property>
    
    <property
        name="topicPro"
        type="java.lang.Short"
        column="topicPro"
    >  
    </property>
    
    <property
        name="topicType"
        type="java.lang.Short"
        column="topicType"
    >   
    </property>
    
    <property
        name="topicTypeNum"
        type="java.lang.Double"
        column="topicTypeNum"
    >
    </property>
    
    <property
        name="topicAddTime"
        type="java.lang.String"
        column="topicAddTime"
        length="23"
    >  
    </property>
    
    
    <property
        name="topicAddip"
        type="java.lang.String"
        column="topicAddip"
        length="30"
    >
    </property>
    
   <property
        name="topicLastReUser"
        type="java.lang.String"
        column="topicLastReUser"
        length="20"
    >
  
    </property>
    
    <property
        name="topicLastReTime"
        type="java.lang.String"
        column="topicLastReTime"
        length="23"
    >
   </property>
    
    <property
        name="topicViewCount"
        type="java.lang.Integer"
        column="topicViewCount"
        length="10"
    >
   
    </property>
    <property
        name="topicReCount"
        type="java.lang.Integer"
        column="topicReCount"
        length="10"
    >
  
    </property>
    <property
        name="topicLen"
        type="java.lang.Integer"
        column="topicLen"
        length="10"
    >
   
    </property>

    
    <property
        name="userID"
        type="java.lang.Integer"
        column="userID"
        length="10"
    >  
    </property>
    
    <property
        name="topicIsPass"
        type="java.lang.Boolean"
        column="topicIsPass"
        length="10"
    >  
    </property>
    
    <property
        name="topicIsDel"
        type="java.lang.Byte"
        column="topicIsDel"
    >  
    </property>
</class>
</hibernate-mapping>
