<?xml version="1.0" encoding="UTF-8"?>
<!DOCTYPE hibernate-mapping PUBLIC 
	"-//Hibernate/Hibernate Mapping DTD 3.0//EN"  
	  "http://hibernate.sourceforge.net/hibernate-mapping-3.0.dtd">
<hibernate-mapping package="com.gamvan.club.item">
<class name="ClubUpfilesItem" table="GVclubUpfiles">
    <id
        name="cfID"
        type="java.lang.Integer"
        column="cfID"
    >
     <generator class="native" />
    </id>

    <property
        name="cfNewName"
        column="cfNewName"
        type="java.lang.String"
        not-null="true"
    >  
    </property>
    
    <property
        name="cfOldName"
        column="cfOldName"
        type="java.lang.String"
        not-null="true"
    >  
    </property>
    
    
    <property
        name="cfNewPath"
        column="cfNewPath"
        type="java.lang.String"
        not-null="true"
    >  
    </property>
    
    <property
        name="cfOldPath"
        column="cfOldPath"
        type="java.lang.String"
        not-null="true"
    >  
    </property>
    
    
    <property
        name="cfExt"
        column="cfExt"
        type="java.lang.String"
        not-null="true"
    >  
    </property>
    
    <property
        name="cfContentType"
        column="cfContentType"
        type="java.lang.String"
        not-null="true"
    >  
    </property>
    
    <property
        name="cfDateTime"
        column="cfDateTime"
        type="java.lang.String"
        not-null="true"
    >  
    </property>
    
    
    <property
        name="cfSize"
        column="cfSize"
        type="long"
        not-null="true"
    >  
    </property>
    
    
    <property
        name="cfType"
        column="cfType"
        type="short"
        not-null="true"
    >  
    </property>
    
    <property
        name="cfUseID"
        column="cfUseID"
        type="java.lang.Integer"
        not-null="true"
    >  
    </property>
    
    <property
        name="cfUseTxt"
        column="cfUseTxt"
        type="java.lang.String"
        not-null="true"
    >  
    </property>
    
    <property
        name="cfByUser"
        column="cfByUser"
        type="java.lang.String"
        not-null="true"
    >  
    </property>
    
    <property
        name="cfByIp"
        column="cfByIp"
        type="java.lang.String"
        not-null="true"
    >  
    </property>

    
    <property
        name="ccID"
        column="ccID"
        type="java.lang.Integer"
        not-null="true"
    >  
    </property>
    
    
    <property
        name="ccName"
        column="ccName"
        type="java.lang.String"
        not-null="true"
    >  
    </property>
    
    
    <property
        name="cfByUserID"
        column="cfByUserID"
        type="java.lang.Integer"
        not-null="true"
    >  
    </property>
    
    
    </class>
</hibernate-mapping>