<?xml version="1.0" encoding="UTF-8"?>
<!DOCTYPE hibernate-mapping PUBLIC 
	"-//Hibernate/Hibernate Mapping DTD 3.0//EN"  
	  "http://hibernate.sourceforge.net/hibernate-mapping-3.0.dtd">
<hibernate-mapping package="com.gamvan.club.item">
<class name="ClubInfoItem" table="GVclubInfo">
    <id
        name="clubInfoID"
        type="java.lang.Integer"
        column="clubInfoID"
    >
     <generator class="native" />
    </id>

    <property
        name="clubName"
        column="clubName"
        type="java.lang.String"
        not-null="true"
    >  
    </property>
    
    
    <property
        name="clubUrl"
        column="clubUrl"
        type="java.lang.String"
        not-null="false"
    >  
    </property>

    <property
        name="clubTitle"
        column="clubTitle"
        type="java.lang.String"
        not-null="false"
    >  
    </property>
    
    <property
        name="clubMeta"
        column="clubMeta"
        type="java.lang.String"
        not-null="false"
    >  
    </property>
    
    <property
        name="clubSmtp"
        column="clubSmtp"
        type="java.lang.String"
        not-null="false"
    >  
    </property> 
    
    <property
        name="clubEmail"
        column="clubEmail"
        type="java.lang.String"
        not-null="false"
    >  
    </property>
    
    
    <property
        name="clubSmtpID"
        column="clubSmtpID"
        type="java.lang.String"
        not-null="false"
    >  
    </property>
    
    <property
        name="clubSmtpPass"
        column="clubSmtpPass"
        type="java.lang.String"
        not-null="false"
    >  
    </property>
    
    <property
        name="clubEmailSend"
        column="clubEmailSend"
        type="java.lang.String"
        not-null="false"
    >  
    </property>
    
    
    <property
        name="clubSmtpUsePass"
        column="clubSmtpUsePass"
        type="java.lang.Integer"
        not-null="false"
    >  
    </property>
    
    
    <property
        name="clubUpfileOpen"
        column="clubUpfileOpen"
        type="java.lang.Integer"
        not-null="false"
    >  
    </property>
    
    
    <property
        name="clubUpfileUser"
        column="clubUpfileUser"
        type="java.lang.Integer"
        not-null="false"
    >  
    </property>
    
    <property
        name="clubUpfileMax"
        column="clubUpfileMax"
        type="java.lang.Integer"
        not-null="false"
    >  
    </property>
    
    
    <property
        name="clubUpfileExt"
        column="clubUpfileExt"
        type="java.lang.String"
        not-null="false"
    >  
    </property>
    
    
    <property
        name="clubCopyRight"
        column="clubCopyRight"
        type="java.lang.String"
        not-null="false"
    >  
    </property>
    
    
    <property
        name="clubYear"
        column="clubYear"
        type="java.lang.String"
        not-null="false"
    >  
    </property> 
    
    <property
        name="clubUserPic"
        column="clubUserPic"
        type="java.lang.Integer"
        not-null="false"
    >  
    </property> 
    
        <property
        name="clubSmtpPort"
        column="clubSmtpPort"
        type="java.lang.String"
        not-null="false"
    >  
    </property> 
    
        <property
        name="clubSmtpSSL"
        column="clubSmtpSSL"
        type="java.lang.Integer"
        not-null="false"
    >  
    </property> 
    
        <property
        name="clubRefreshPage"
        column="clubRefreshPage"
        type="java.lang.Integer"
        not-null="false"
    >  
    </property> 
    
        <property
        name="clubHotTopic"
        column="clubHotTopic"
        type="java.lang.Integer"
        not-null="false"
    >  
    </property> 
    
        <property
        name="clubHotRe"
        column="clubHotRe"
        type="java.lang.Integer"
        not-null="false"
    >  
    </property> 
    
   <property
        name="clubRegAgree"
        column="clubRegAgree"
        type="java.lang.String"
        not-null="false"
    >  
    </property> 
    
    
	<property
        name="clubUpfileDomain"
        column="clubUpfileDomain"
        type="java.lang.String"
        not-null="false"
    >  
    </property> 
    
    
	<property
        name="clubTopicIsPass"
        column="clubTopicIsPass"
        type="boolean"
        not-null="false"
    >  
    </property> 
    
	<property
        name="clubLastReID"
        column="clubLastReID"
        type="int"
    >  
    </property> 
    
    </class>
</hibernate-mapping>