<?xml version="1.0" encoding="UTF-8"?>
<!DOCTYPE hibernate-mapping PUBLIC 
	"-//Hibernate/Hibernate Mapping DTD 3.0//EN"  
	  "http://hibernate.sourceforge.net/hibernate-mapping-3.0.dtd">
<hibernate-mapping package="com.gamvan.club.item">
<class name="ClubUserItem" table="GVclubUsers"> 
<cache usage="read-write"/> 

    <id
        name="userID"
        type="java.lang.Integer"
        column="userID"
    >
     <generator class="native" />
    </id>
    
    <property
        name="userName"
        column="userName"
        type="java.lang.String"
        not-null="true"
        length="20"
    />
    <property
        name="userPass"
        column="userPass"
        type="java.lang.String"
        not-null="true"
        length="20"
    />   
    <property
        name="userName2"
        column="userName2"
        type="java.lang.String"
        length="20"
    />
    
    <property
        name="userSex"
        column="userSex"
        type="java.lang.Byte"
    />
    
    <property
        name="userEmail"
        column="userEmail"
        type="java.lang.String"
        length="30"
    /> 
    
    <property
        name="userEmailOpen"
        type="java.lang.Short"
        column="userEmailOpen"
        length="5"
    />
    <property
        name="userQuestion"
        type="java.lang.String"
        column="userQuestion"
        length="50"
    />
    <property
        name="userAnswer"
        type="java.lang.String"
        column="userAnswer"
        length="50"
    />
    <property
        name="userBirthday"
        type="java.lang.String"
        column="userBirthday"
        length="20"
    />
    
    <property
        name="userWeb"
        type="java.lang.String"
        column="userWeb"
        length="50"
    />

    <property
        name="userQQ"
        type="java.lang.String"
        column="userQQ"
        length="30"
    />
    
    <property
        name="userArea"
        type="java.lang.String"
        column="userArea"
        length="30"
    />
    <property
        name="userCity"
        type="java.lang.String"
        column="userCity"
        length="30"
    />
    
    <property
        name="userWork"
        type="java.lang.String"
        column="userWork"
        length="20"
    />
    
    <property
        name="userPen"
        type="java.lang.String"
        column="userPen"
        length="300"
    />
    
    <property
        name="userIntro"
        type="java.lang.String"
        column="userIntro"
        length="500"
    />
    
    <property
        name="userUpfile"
        type="java.lang.Integer"
        column="userUpfile"
        length="10"
    />

    <property
        name="userTxt"
        type="java.lang.String"
        column="userTxt"
        length="200"
    />
    
    <property
        name="userRegTime"
       	type="java.lang.String"
        column="userRegTime"
        length="23"
    >   
    </property>
    
    <property
        name="userLastTime"
        type="java.lang.String"
        column="userLastTime"
        length="23"
    >   
    </property>
    
  <property
        name="userLoginTimes"
        type="java.lang.Integer"
        column="userLoginTimes"
        length="10"
    />
    
    <property
        name="userRegip"
        type="java.lang.String"
        column="userRegip"
        length="30"
    />
 
   <property
        name="userLastip"
        type="java.lang.String"
        column="userLastip"
        length="30"
    />
    
    <property
        name="userMoney"
        type="java.lang.Double"
        column="userMoney"
        length="53"
    />
    
    <property
        name="userDeposit"
        type="java.lang.Double"
        column="userDeposit"
        length="53"
    />
    <property
        name="userMark"
        type="java.lang.Double"
        column="userMark"
        length="53"
    />
    
    <property
        name="userCredit"
        type="java.lang.Double"
        column="userCredit"
        length="53"
    />
    
    <property
        name="userTopicCount"
        type="java.lang.Integer"
        column="userTopicCount"
        length="10"
    />    
    
   <property
        name="userReCount"
        type="java.lang.Integer"
        column="userReCount"
        length="10"
    > 
    </property>
    
    
    <property
        name="userIsDel"
        type="java.lang.Boolean"
        column="userIsDel"
     >
    </property>
    
   <property
        name="userUpfileOpen"
        type="java.lang.Short"
        column="userUpfileOpen"
        length="5"
    >
  
    </property>
    
    
    <property
        name="userUpfileSize"
        type="java.lang.Integer"
        column="userUpfileSize"
        length="10"
    >
 
    </property>
    
    
    <property
        name="userPic"
        type="java.lang.String"
        column="userPic"
        length="100"
    >
   
    </property>
    
    
    <property
        name="userPicIs"
        type="short"
        column="userPicIs"
        not-null="true"
        length="5"
    >
  
    </property>
    
    <property
        name="userAreaId"
        type="int"
        column="userAreaId"
        not-null="true"
        length="10"
    >
    
    </property> 
    
    
</class>
</hibernate-mapping>