<?xml version="1.0" encoding="UTF-8"?>
<!DOCTYPE hibernate-mapping PUBLIC 
	"-//Hibernate/Hibernate Mapping DTD 3.0//EN"  
	  "http://hibernate.sourceforge.net/hibernate-mapping-3.0.dtd">
<hibernate-mapping package="com.gamvan.club.item">
<class name="ClubMessageTakeItem" table="GVclubMessageTake">
    <id
        name="cmID"
        type="java.lang.Integer"
        column="cmID"
    >
     <generator class="native" />
    </id>

    <property
        name="cmTakeUser"
        column="cmTakeUser"
        type="java.lang.String"
        not-null="true"
    >  
    </property>    
    
    <property
        name="cmSendUser"
        column="cmSendUser"
        type="java.lang.String"
        not-null="true"
    >  
    </property>    
    
    
    <property
        name="cmTopic"
        column="cmTopic"
        type="java.lang.String"
        not-null="true"
    >  
    </property>    
    
    <property
        name="cmContent"
        column="cmContent"
        type="java.lang.String"
        not-null="true"
    >  
    </property>    
    
 
    
    
    <property
        name="cmUserIp"
        column="cmUserIp"
        type="java.lang.String"
        not-null="true"
    >  
    </property>    
    
    <property
        name="cmAddTime"
        column="cmAddTime"
        type="java.lang.String"
        not-null="true"
    >  
    </property>     
    
    
    <property
        name="cmIsTake"
        column="cmIsTake"
        type="boolean"
        not-null="true"
    >  
    </property>     
    
    <property
        name="cmOrder"
        column="cmOrder"
        type="short"
        not-null="true"
    >  
    </property> 
    
    <property
        name="cmReID"
        column="cmReID"
        type="java.lang.Integer"
        not-null="true"
    >  
    </property> 
    
    <property
        name="cmSendID"
        column="cmSendID"
        type="java.lang.Integer"
        not-null="true"
    >  
    </property>     
    
    <property
        name="cmTakeID"
        column="cmTakeID"
        type="java.lang.Integer"
        not-null="true"
    >  
    </property>    
    
    
    
    
     
      
     </class>
</hibernate-mapping>