<?xml version="1.0" encoding="UTF-8"?>
<!DOCTYPE hibernate-mapping PUBLIC 
	"-//Hibernate/Hibernate Mapping DTD 3.0//EN"  
	  "http://hibernate.sourceforge.net/hibernate-mapping-3.0.dtd">
<hibernate-mapping package="com.gamvan.club.item">
<class  name="ClubAfficheItem"  table="GVclubAffiche">
    <id
        name="caID"
        type="java.lang.Integer"
        column="caID"
    >
	<generator class="native" />
    </id>

  <property name="ccID"  
  	 	type="java.lang.Integer"  
 	  	column="ccID"  
     	not-null="true" >
  </property>
    
  <property name="caTopic"  
  	 	type="java.lang.String"  
 	  	column="caTopic"  
     	not-null="true" >
  </property> 
    
  <property name="caContent"  
  	 	type="java.lang.String"  
 	  	column="caContent"  
     	not-null="true" >
  </property> 
    
  <property name="caAddTime"  
  	 	type="java.lang.String"  
 	  	column="caAddTime"  
     	not-null="true" >
  </property> 

  <property name="caDays"  
  	 	type="java.lang.Integer"  
 	  	column="caDays"  
     	not-null="true" >
  </property>
  
    
  <property name="caByUser"  
  	 	type="java.lang.String"  
 	  	column="caByUser"  
     	not-null="true" >
  </property> 
  
    
  <property name="caByip"  
  	 	type="java.lang.String"  
 	  	column="caByip"  
     	not-null="true" >
  </property> 
  
  
    
</class>
</hibernate-mapping>