<?xml version="1.0" encoding="UTF-8"?>
<!DOCTYPE hibernate-mapping PUBLIC 
	"-//Hibernate/Hibernate Mapping DTD 3.0//EN"  
	  "http://hibernate.sourceforge.net/hibernate-mapping-3.0.dtd">
<hibernate-mapping package="com.gamvan.club.item">
<class name="ClubCounterItem" table="GVclubCounter">
	
    <id
        name="clubCounterID"
        type="java.lang.Integer"
        column="clubCounterID"
    >
     <generator class="native" />
    </id>
    
     <property
        name="clubHits"
        column="clubHits"
        type="java.lang.Integer"
        not-null="false"
    >  
    </property> 
    
     <property
        name="clubTodayPV"
        column="clubTodayPV"
        type="java.lang.Integer"
        not-null="false"
    >  
    </property>   
    
     <property
        name="clubYesterPV"
        column="clubYesterPV"
        type="java.lang.Integer"
        not-null="false"
    >  
    </property> 
    
     <property
        name="clubTopic"
        column="clubTopic"
        type="java.lang.Integer"
        not-null="false"
    >  
    </property>   
    
     <property
        name="clubReply"
        column="clubReply"
        type="java.lang.Integer"
        not-null="false"
    >  
    </property> 
    
     <property
        name="clubTodayTopic"
        column="clubTodayTopic"
        type="java.lang.Integer"
        not-null="false"
    >  
    </property> 
    
     <property
        name="clubTodayReply"
        column="clubTodayReply"
        type="java.lang.Integer"
        not-null="false"
    >  
    </property> 
    
     <property
        name="clubYesterTopic"
        column="clubYesterTopic"
        type="java.lang.Integer"
        not-null="false"
    >  
    </property> 
  
    
     <property
        name="clubYesterReply"
        column="clubYesterReply"
        type="java.lang.Integer"
        not-null="false"
    >  
    </property> 
    
     <property
        name="clubBoy"
        column="clubBoy"
        type="java.lang.Integer"
        not-null="false"
    >  
    </property> 
    
     <property
        name="clubGirl"
        column="clubGirl"
        type="java.lang.Integer"
        not-null="false"
    >  
    </property> 
    
    
     <property
        name="clubToday"
        column="clubToday"
        type="java.lang.String"
        not-null="false"
    >  
    </property>
    
     <property
        name="clubMostOnline"
        column="clubMostOnline"
        type="java.lang.Integer"
        not-null="false"
    >  
    </property> 
    

     <property
        name="clubNewUser"
        column="clubNewUser"
        type="java.lang.String"
        not-null="false"
    >  
    </property>
    
     <property
        name="clubTemp"
        column="clubTemp"
        type="java.lang.Integer"
        not-null="false"
    >  
    </property>
    

    
</class>
</hibernate-mapping>