<?xml version="1.0" encoding="UTF-8"?>
<!DOCTYPE hibernate-mapping PUBLIC 
	"-//Hibernate/Hibernate Mapping DTD 3.0//EN"  
	  "http://hibernate.sourceforge.net/hibernate-mapping-3.0.dtd">
<hibernate-mapping package="com.gamvan.club.item">
<class  name="ClubSafeFileItem"  table="GVclubSafeFiles">
    <id
        name="fileID"
        type="java.lang.Integer"
        column="fileID"
    >
	<generator class="native" />
    </id>

    
  <property name="fileNameAndPath"  
  	 	type="java.lang.String"  
 	  	column="fileNameAndPath"  
     	not-null="true" >
  </property> 
  
  <property name="fileExt"  
  	 	type="java.lang.String"  
 	  	column="fileExt"  
     	not-null="true" >
  </property> 
  
  
  <property name="fileDateTime"  
  	 	type="java.lang.String"  
 	  	column="fileDateTime"  
     	not-null="true" >
  </property> 
  
  <property name="fileByUser"  
  	 	type="java.lang.String"  
 	  	column="fileByUser"  
     	not-null="true" >
  </property> 
  
  
  <property name="fileByUserID"  
  	 	type="java.lang.Integer" 
 	  	column="fileByUserID"  
     	not-null="true" >
  </property> 
  
  
  <property name="fileByUserIp"  
  	 	type="java.lang.String"  
 	  	column="fileByUserIp"  
     	not-null="true" >
  </property> 
  
  <property name="fileFrom"  
  	 	type="java.lang.String"  
 	  	column="fileFrom"  
     	not-null="true" >
  </property> 
  
  <property name="fileIsOpen"  
  	 	type="boolean"  
 	  	column="fileIsOpen"  
     	not-null="true" >
  </property> 

</class>
</hibernate-mapping>
  