<?xml version="1.0" encoding="UTF-8"?>
<!DOCTYPE hibernate-mapping PUBLIC 
	"-//Hibernate/Hibernate Mapping DTD 3.0//EN"  
	  "http://hibernate.sourceforge.net/hibernate-mapping-3.0.dtd">
<hibernate-mapping package="com.gamvan.club.item">
<class name="ClubMasterItem" table="GVclubMaster">
    <id
        name="cmID"
        type="java.lang.Integer"
        column="cmID"
    >
     <generator class="native" />
    </id>


    <property
        name="cmgID"
        column="cmgID"
        type="java.lang.Integer"
        not-null="true"
    >  
    </property>

    <property
        name="cmName"
        column="cmName"
        type="java.lang.String"
        not-null="true"
    >  
    </property>
    
    
    <property
        name="cmPass"
        column="cmPass"
        type="java.lang.String"
        not-null="true"
    >  
    </property>
    

    <property
        name="cmIpLock"
        column="cmIpLock"
        type="boolean"
        not-null="true"
    >  
    </property>
    
    
    <property
        name="cmIp1"
        column="cmIp1"
        type="java.lang.String"
        not-null="true"
    >  
    </property>
    
    
    <property
        name="cmIp2"
        column="cmIp2"
        type="java.lang.String"
        not-null="true"
    >  
    </property>
    
    
    
    
    <property
        name="cmLastLoginTime"
        column="cmLastLoginTime"
        type="java.lang.String"
        not-null="true"
    >  
    </property>
     
    
    
    
    <property
        name="cmLastLoginIp"
        column="cmLastLoginIp"
        type="java.lang.String"
        not-null="true"
    >  
    </property>

    
    
    
    </class>
</hibernate-mapping>
    
    
    