<?xml version="1.0" encoding="UTF-8"?>
<!DOCTYPE hibernate-mapping PUBLIC 
	"-//Hibernate/Hibernate Mapping DTD 3.0//EN"  
	  "http://hibernate.sourceforge.net/hibernate-mapping-3.0.dtd">
<hibernate-mapping package="com.gamvan.club.item">
<class  name="ClubAdItem"  table="GVclubAd">
    <id
        name="adID"
        type="java.lang.Integer"
        column="adID"
    >
	<generator class="native" />
    </id>

    
  <property name="adObj"  
  	 	type="java.lang.String"  
 	  	column="adObj"  
     	not-null="true" >
  </property> 
  
  <property name="adTxt"  
  	 	type="java.lang.String"  
 	  	column="adTxt"  
     	not-null="true" >
  </property> 
  
  <property name="adUrl"  
  	 	type="java.lang.String"  
 	  	column="adUrl"  
     	not-null="true" >
  </property> 
  
  

  <property name="adWidth"  
  	 	type="short"  
 	  	column="adWidth"  
     	not-null="true" >
  </property>
  


  <property name="adHeight"  
  	 	type="short"  
 	  	column="adHeight"  
     	not-null="true" >
  </property>
  

  <property name="adType"  
  	 	type="short"  
 	  	column="adType"  
     	not-null="true" >
  </property>
  

  
  
</class>
</hibernate-mapping>
  
  
  
  