<?xml version="1.0" encoding="UTF-8"?>
<!DOCTYPE hibernate-mapping PUBLIC 
	"-//Hibernate/Hibernate Mapping DTD 3.0//EN"  
	  "http://hibernate.sourceforge.net/hibernate-mapping-3.0.dtd">
    
<hibernate-mapping package="com.gamvan.club.item">
<class name="ClubTopicLogItem" table="GVclubTopicLog">
    <id
        name="topicLogID"
        type="java.lang.Integer"
        column="topicLogID"
    >
     <generator class="native" />
    </id>

    <property
        name="userID"
        type="java.lang.Integer"
        column="userID"
    >  
    </property>  
    
    
    <property
        name="userName"
        type="java.lang.String"
        column="userName"
    >  
    </property> 
    
    <property
        name="topic"
        type="java.lang.String"
        column="topic"
    >  
    </property> 
    
    <property
        name="topicID"
        type="java.lang.Integer"
        column="topicID"
        length="10"
    >  
    </property>
    
    <property
        name="topicLogTxt"
        type="java.lang.String"
        column="topicLogTxt"
    >  
    </property> 
    
    
    <property
        name="topicLogByUserID"
        type="java.lang.Integer"
        column="topicLogByUserID"
        length="10"
    >  
    </property>
    
    <property
        name="topicLogByUserName"
        type="java.lang.String"
        column="topicLogByUserName"
    >  
    </property> 
    
    <property
        name="topicLogByUserIP"
        type="java.lang.String"
        column="topicLogByUserIP"
    >  
    </property> 
    
    <property
        name="topicLogByDateTime"
        type="java.lang.String"
        column="topicLogByDateTime"
    >  
    </property> 
    
    <property
        name="userCredit"
        type="java.lang.Double"
        column="userCredit"
    >  
    </property> 
    
    <property
        name="userMark"
        type="java.lang.Double"
        column="userMark"
    >  
    </property> 
    
    
    <property
        name="userMoney"
        type="java.lang.Double"
        column="userMoney"
    >  
    </property> 
    
    <property
        name="topicLogSo"
        type="java.lang.String"
        column="topicLogSo"
    >  
    </property> 
    
    
    <property
        name="topicLogByUserList"
        type="java.lang.Short"
        column="topicLogByUserList"
    >  
    </property> 
    
    
    <property
        name="topicLogList"
        type="java.lang.Boolean"
        column="topicLogList"
    >  
    </property> 
    
    <property
        name="topicReID"
        type="java.lang.Integer"
        column="topicReID"
    >  
    </property>  
    
    <property
        name="ccID"
        type="java.lang.Integer"
        column="ccID"
    >  
    </property>  

</class>
</hibernate-mapping>