<?xml version="1.0" encoding="UTF-8"?>
<!DOCTYPE hibernate-mapping PUBLIC 
	"-//Hibernate/Hibernate Mapping DTD 3.0//EN"  
	  "http://hibernate.sourceforge.net/hibernate-mapping-3.0.dtd">
<hibernate-mapping package="com.gamvan.club.item">
<class name="ClubTopicIlikeItem" table="GVclubTopicIlike">
    <id
        name="likeID"
        type="java.lang.Integer"
        column="likeID"
    >
     <generator class="native" />
    </id>
    
    <property
        name="topicID"
        column="topicID"
        type="java.lang.Integer"
    >  
    </property>
    
    <property
        name="myUserID"
        column="myUserID"
        type="java.lang.Integer"
    >  
    </property>
    
    <property
        name="myUserName"
        column="myUserName"
        type="java.lang.String"
    >  
    </property>
    
    <property
        name="addTime"
        column="addTime"
        type="java.lang.String"
    >  
    </property>
    
    <property
        name="lastTime"
        column="lastTime"
        type="java.lang.String"
    >  
    </property>

    <property
        name="topic"
        column="topic"
        type="java.lang.String"
    >  
    </property>

    <property
        name="topicUserName"
        column="topicUserName"
        type="java.lang.String"
    >  
    </property>


    <property
        name="topicLastReTime"
        column="topicLastReTime"
        type="java.lang.String"
    >  
    </property>
    
    <property
        name="ccID"
        column="ccID"
        type="java.lang.Integer"
    >  
    </property>
    
    <property
        name="topicUserID"
        column="topicUserID"
        type="java.lang.Integer"
    >  
    </property>

    </class>
</hibernate-mapping>