<?xml version="1.0" encoding="UTF-8"?>
<!DOCTYPE hibernate-mapping PUBLIC 
	"-//Hibernate/Hibernate Mapping DTD 3.0//EN"  
	  "http://hibernate.sourceforge.net/hibernate-mapping-3.0.dtd">
<hibernate-mapping package="com.gamvan.club.item">
<class name="ClubFriendsItem" table="GVclubFriends">
	
    <id
        name="cfID"
        type="java.lang.Integer"
        column="cfID"
    >
     <generator class="native" />
    </id>
    
     <property
        name="userMe"
        column="userMe"
        type="java.lang.String"
        not-null="false"
    >  
    </property>
    
     <property
        name="userFriend"
        column="userFriend"
        type="java.lang.String"
        not-null="false"
    >  
    </property>
    
    
    
     <property
        name="addTime"
        column="addTime"
        type="java.lang.String"
        not-null="false"
    >  
    </property>
    
    
     <property
        name="userMessage"
        column="userMessage"
        type="java.lang.String"
        not-null="false"
    >  
    </property>
    
    
     <property
        name="userIp"
        column="userIp"
        type="java.lang.String"
        not-null="false"
    >  
    </property>
    
    
     <property
        name="userMeID"
        column="userMeID"
        type="java.lang.Integer"
        not-null="false"
    >  
    </property>
    
     <property
        name="userFriendID"
        column="userFriendID"
        type="java.lang.Integer"
        not-null="false"
    >  
    </property>
    
     <property
        name="isOnLine"
        column="isOnLine"
        type="java.lang.Integer"
        not-null="false"
    >  
    </property>
    
    
    
</class>
</hibernate-mapping>