<?xml version="1.0" encoding="UTF-8"?>
<!DOCTYPE hibernate-mapping PUBLIC 
	"-//Hibernate/Hibernate Mapping DTD 3.0//EN"  
	  "http://hibernate.sourceforge.net/hibernate-mapping-3.0.dtd">
<hibernate-mapping package="com.gamvan.club.item">
<class name="ClubContentReItem" table="GVclubContentRe">
    <id
        name="contentID"
        type="java.lang.Integer"
        column="contentID"    >
     <generator class="native" />
    </id>

    <property
        name="topicReID"
        type="java.lang.Integer"
        column="topicReID"
        not-null="true"
    >  
    </property>

    <property
        name="content"
        type="java.lang.String"
        column="content"
    >  
    </property>
    
    <property
        name="contentUserPen"
        type="boolean"
        column="contentUserPen"
        not-null="true"
        length="1"
    >  
    </property>
    
    <property
        name="contentUrl"
        type="boolean"
        column="contentUrl"
        not-null="true"
        length="1"
    >  
    </property>
    
    <property
        name="contentImg"
        type="boolean"
        column="contentImg"
        not-null="true"
        length="1"
    >
    </property>
    
    <property
        name="contentEmail"
        type="boolean"
        column="contentEmail"
        not-null="true"
        length="1"
    >
    </property>
    
    <property
        name="contentCopyRight"
        type="byte"
        column="contentCopyRight"
        not-null="true"
        length="3"
    > 
    </property>
    
    <property
        name="topicID"
        type="java.lang.Integer"
        column="topicID"
        not-null="true"
    >  
    </property>
    
    <property
        name="contentIsDel"
        type="java.lang.Byte"
        column="contentIsDel"
        not-null="true"
    >  
    </property>

</class>
</hibernate-mapping>