<?xml version="1.0" encoding="UTF-8"?>
<!DOCTYPE hibernate-mapping PUBLIC 
	"-//Hibernate/Hibernate Mapping DTD 3.0//EN"  
	  "http://hibernate.sourceforge.net/hibernate-mapping-3.0.dtd">
<hibernate-mapping package="com.gamvan.club.item">
<class name="GroupItem" table="GVclubGroup">
    <id
        name="groupID"
        type="java.lang.Integer"
        column="groupID"
    >
     <generator class="native" />
    </id>
    
    <property
        name="groupName"
        column="groupName"
        type="java.lang.String"
        length="20"
    />  
 <property
        name="groupIDD"
        column="groupIDD"
        type="java.lang.Integer"
    >  
    </property>

    <property
        name="groupLayer"
        column="groupLayer"
        type="java.lang.Integer"
    >  
    </property>
    
    <property
        name="groupType"
        column="groupType"
        type="java.lang.Integer"
    >   
    </property>  
    
    <property
        name="groupOrder"
        column="groupOrder"
        type="java.lang.Integer"
    >
    </property>
    
    <property
        name="groupCount"
        column="groupCount"
        type="java.lang.Integer"
    >
    </property>
</class>
</hibernate-mapping>
