<?xml version="1.0" encoding="ISO-8859-1"?>
<editor>
	<label>GUI_EDITOR_TITLE_LEDIT_0</label>
	<resourcetypes>
		<type>
			<name>plain</name>
			<ranking>100</ranking>
		</type>
		<type>
			<name>jsp</name>
			<ranking>100</ranking>
			<mapto>plain</mapto>
		</type>
		<type>
			<name>XMLTemplate</name>
			<ranking>100</ranking>
			<mapto>plain</mapto>
		</type>
	</resourcetypes>
	<useragents>
		<agent>^Mozilla/4\.0 \(compatible; MSIE [678]\.\d*; .*\)$</agent>
		<agent>^Mozilla/4\.0 \(compatible; MSIE 5\.[56789]\d*; .*\)$</agent>
		<agent>^Mozilla/4\.0 \(compatible; MSIE 5\.[01234]\d*; .*\)$</agent>
	</useragents>
</editor>